Tipo de actividad,Fecha,Favorito,Título,Distancia,Calorías,Tiempo,Frecuencia cardiaca media,FC máxima,TE aeróbico,Cadencia de carrera media,Cadencia de carrera máxima,Ritmo medio,Ritmo óptimo,Ascenso total,Descenso total,Longitud media de zancada,Training Stress Score®,Pasos,Descompresión,Mejor tiempo de vuelta,Número de vueltas,Tiempo en movimiento,Tiempo transcurrido,Altura mínima,Altura máxima
Carrera,2025-08-31 10:36:49,false,"Miguel Hidalgo Carrera","8.82","1,057","02:01:57","166","210","4.1","156","182","13:50","5:53","598","674","0.75","0.0","19,108","No","00:01:08.1","15","02:00:19","02:01:57","7,312","7,489"
Carrera,2025-08-18 16:24:17,false,"Álvaro Obregón Carrera","0.51","35","00:03:07.7","147","170","1.9","164","187","6:08","5:04","12","17","1.60","0.0","522","No","00:01:26.9","2","00:03:02.8","00:03:07.7","8,420","8,444"
Carrera,2025-08-18 15:28:51,false,"Álvaro Obregón Carrera","0.80","73","00:07:36.1","141","171","2.1","160","166","9:33","7:58","--","11","1.06","0.0","1,212","No","00:01:25.1","2","00:07:36.0","00:07:36.1","8,419","8,445"
Carrera,2025-08-13 15:59:19,false,"Carrera","1.19","105","00:10:15","159","193","2.4","159","187","8:35","5:14","--","--","1.18","0.0","1,630","No","00:04:30.6","2","00:10:14","00:10:15","--","--"
Carrera,2025-08-11 15:30:46,false,"Álvaro Obregón Carrera","0.77","87","00:08:10.7","160","180","2.3","155","170","10:37","5:14","--","--","0.98","0.0","1,288","No","00:01:34.3","2","00:08:05","00:17:02","8,436","8,439"
Carrera,2025-08-03 09:09:05,false,"Cuauhtémoc Carrera","2.19","211","00:22:46","148","172","2.6","152","170","10:23","6:35","159","111","1.02","0.0","3,524","No","00:04:13.9","4","00:21:52","00:27:18","7,320","7,415"
Carrera,2025-06-09 16:12:41,false,"Álvaro Obregón Carrera","0.86","93","00:07:43.2","187","196","2.5","146","168","8:56","6:05","8","17","1.22","0.0","1,156","No","00:03:02.6","2","00:07:42","00:07:43.3","8,419","8,444"
Carrera,2025-06-09 15:49:57,false,"Álvaro Obregón Carrera","1.38","201","00:16:35","181","196","3.3","106","222","12:03","4:25","39","44","1.26","0.0","2,348","No","00:01:43.2","3","00:12:20","00:16:35","8,419","8,444"
Carrera,2025-06-09 15:35:43,false,"Carrera","0.81","75","00:07:38.2","150","172","2.0","155","162","9:25","6:43","--","--","1.10","0.0","1,188","No","00:01:44.6","2","00:07:37.6","00:07:38.2","--","--"
Entrenamiento en cinta,2025-06-05 20:20:16,false,"Entrenamiento en cinta","1.51","112","00:10:02","167","193","2.5","156","216","6:38","5:55","--","--","1.56","0.0","1,548","No","00:03:16.3","2","00:10:01","00:10:02","--","--"
Entrenamiento en cinta,2025-06-03 21:15:59,false,"Entrenamiento en cinta","1.98","169","00:15:50","165","189","2.9","145","180","8:00","5:29","--","--","1.38","0.0","2,308","No","00:06:49.8","2","00:14:47","00:15:50","--","--"
Entrenamiento en cinta,2025-06-03 20:46:49,false,"Entrenamiento en cinta","2.12","127","00:15:01","139","155","2.0","153","162","7:06","6:34","--","--","1.48","0.0","2,278","No","00:00:52.7","3","00:15:01","00:15:01","--","--"
Carrera,2025-05-28 19:29:53,false,"Álvaro Obregón Carrera","0.64","37","00:03:09.6","167","193","2.6","176","192","4:58","4:25","--","--","1.84","0.0","548","No","00:00:36.1","5","00:03:09.3","00:11:02","8,419","8,443"
Carrera,2025-05-28 19:07:10,false,"Carrera","1.92","182","00:16:02","171","186","3.1","156","160","8:21","6:43","--","--","1.24","0.0","2,482","No","00:00:26.5","4","00:16:00","00:16:02","--","--"
Entrenamiento en cinta,2025-05-27 20:11:57,false,"Entrenamiento en cinta","2.26","173","00:15:01","174","199","3.2","156","166","6:38","5:43","--","--","1.55","0.0","2,332","No","00:01:38.5","3","00:15:01","00:15:01","--","--"
Entrenamiento en cinta,2025-05-26 21:13:48,false,"Entrenami

ento en cinta","2.01","167","00:13:51","180","195","3.1","156","165","6:54","5:40","--","--","1.50","0.0","2,144","No","00:00:02.3","3","00:13:50","00:13:51","--","--"
Entrenamiento en cinta,2025-05-26 20:46:26,false,"Entrenamiento en cinta","1.48","110","00:10:03","165","182","2.5","153","240","6:48","6:15","--","--","1.55","0.0","1,534","No","00:03:14.8","2","00:10:03","00:10:03","--","--"
Carrera,2025-05-21 16:21:16,false,"Álvaro Obregón Carrera","0.50","35","00:02:52.8","182","198","2.3","158","202","5:45","3:02","9","28","1.78","0.0","464","No","00:01:25.7","2","00:02:48","00:02:52.8","8,419","8,444"
Carrera,2025-05-21 16:06:34,false,"Álvaro Obregón Carrera","0.50","45","00:03:22.8","189","202","2.3","156","177","6:46","5:29","--","15","1.53","0.0","526","No","00:01:36.7","2","00:03:19.1","00:03:22.8","8,420","8,444"
Carrera,2025-05-21 15:54:41,false,"Álvaro Obregón Carrera","0.49","32","00:02:52.0","170","189","2.0","163","189","5:48","4:50","--","23","1.71","0.0","486","No","00:01:23.7","2","00:02:47","00:02:52.0","8,419","8,444"
Carrera,2025-05-21 15:36:08,false,"Álvaro Obregón Carrera","1.38","124","00:11:38","162","183","2.6","157","165","8:27","6:40","103","102","1.21","0.0","1,818","No","00:01:11.2","3","00:11:37","00:11:38","8,317","8,443"
Entrenamiento en cinta,2025-05-14 17:12:23,false,"Entrenamiento en cinta","1.55","190","00:29:28","135","179","2.5","84","214","19:03","4:54","--","--","0.84","0.0","2,110","No","00:06:51.9","2","00:14:01","00:29:28","--","--"
Carrera,2025-05-12 16:16:05,false,"Álvaro Obregón Carrera","0.49","44","00:03:26.6","188","198","2.1","158","181","6:57","6:25","--","16","1.46","0.0","550","No","00:01:38.8","2","00:03:21.8","00:03:26.6","8,419","8,443"
Carrera,2025-05-12 16:01:24,false,"Álvaro Obregón Carrera","1.02","109","00:08:58.6","184","194","2.8","157","164","8:47","8:04","2","13","1.17","0.0","1,404","No","00:02:10.7","4","00:08:53.5","00:08:58.6","8,419","8,445"
Carrera,2025-05-12 15:53:49,false,"Álvaro Obregón Carrera","0.51","35","00:02:54.4","166","184","2.1","166","199","5:44","4:11","16","16","1.69","0.0","492","No","00:02:54.4","1","00:02:54","00:02:54.4","8,419","8,444"
Carrera,2025-05-12 15:33:07,false,"Álvaro Obregón Carrera","1.34","139","00:15:01","147","167","2.2","155","164","11:13","8:23","12","16","0.93","0.0","2,344","No","00:01:04.1","3","00:14:59","00:15:01","8,419","8,444"
Entrenamiento en cinta,2025-04-30 20:05:17,false,"Entrenamiento en cinta","4.37","340","00:29:59","170","188","3.6","158","218","6:52","5:00","--","--","1.48","0.0","4,750","No","00:02:22.4","5","00:29:57","00:29:59","--","--"
Entrenamiento en cinta,2025-04-30 19:48:28,false,"Entrenamiento en cinta","2.17","138","00:15:07","145","155","2.1","154","162","6:57","6:28","--","--","1.50","0.0","2,314","No","00:01:15.2","3","00:15:05","00:15:07","--","--"
Entrenamiento en cinta,2025-04-29 20:19:34,false,"Entrenamiento en cinta","2.19","177","00:14:42","179","191","3.1","155","166","6:42","6:07","--","--","1.55","0.0","2,272","No","00:01:14.4","3","00:14:42","00:14:42","--","--"
Carrera,2025-04-23 16:40:16,false,"Álvaro Obregón Carrera","0.06","3","00:00:20.0","138","149","0.4","99","192","5:10","4:25","--","--","3.13","0.0","48","No","00:00:20.0","1","00:00:20","00:00:20.0","8,424","8,443"
Carrera,2025-04-23 16:37:41,false,"Álvaro Obregón Carrera","0.03","1","00:00:08.3","133","134","0.2","--","--","5:18","9:53","--","--","--","0.0","8","No","00:00:08.3","1","00:00:07","00:00:08.3","8,435","8,442"
Carrera,2025-04-23 16:32:29,false,"Álvaro Obregón Carrera","0.06","4","00:00:27.2","140","152","0.5","144","200","7:47","5:20","--","--","1.43","0.0","76","No","00:00:27.2","1","00:00:06","00:00:27.2","8,430","8,446"
Carrera,2025-04-23 16:28:56,false,"Álvaro Obregón Carrera","0.06","3","00:00:18.9","144","151","0.4","149","211","5:18","2:50","--","--","2.04","0.0","40","No","00:00:18.9","1","00:00:14","00:00:18.9","8,424","8,441"
Carrera,2025-04-23 16:22:06,false,"Álvaro Obregón Carrera","0.06","2","00:00:18.0","135","147","0.3","93","197","5:02","2:53","--","--","3.44","0.0","30","No","00:00:18.0","1","00:00:13","00:00:18.0","8,425","8,442"
Carrera,2025-04-23 16:16:25,false,"Álvaro Obregón Carrera","0.02","1","00:00:08.0","147","147","0.4","--","--","5:26","3:56","--","--","--","0.0","8","No","00:00:08.0","1","00:00:04","00:00:08.0","8,436","8,443"
Carrera,2025-04-23 16:12:21,false,"Álvaro Obregón Carrera","0.06","2","00:00:16.3","135","144","0.1","112","228","4:29","3:24","--","--","3.20","0.0","20","No","00:00:16.3","1","00:00:11","00:00:16.3","8,424","8,442"
Carrera,2025-04-23 16:07:41,false,"Álvaro Obregón Carrera","0.09","2","00:00:23.8","118","122","0.1","151","235","4:24","3:07","--","--","2.42","0.0","52","No","00:00:23.8","1","00:00:18","00:00:23.8","8,419","8,442"
Carrera,2025-04-23 15:41:03,false,"Álvaro Obregón Carrera","1.55","161","00:15:32","153","174","2.5","159","166","10:01","8:41","43","54","1.01","0.0","2,470","No","00:02:50.6","3","00:15:26","00:15:32","8,419","8,445"
Entrenamiento en cinta,2025-04-22 20:40:52,false,"Entrenamiento en cinta","4.01","339","00:30:05","168","191","3.5","154","170","7:31","5:22","--","--","1.39","0.0","4,656","No","00:00:02.0","5","00:29:37","00:30:05","--","--"
Entrenamiento en cinta,2025-04-22 20:04:25,false,"Entrenamiento en cinta","0.26","37","00:09:43.0","97","137","0.2","41","180","37:34","6:38","--","--","1.03","0.0","310","No","00:09:43.0","1","00:02:04","00:09:43.0","--","--"
Carrera,2025-04-20 09:03:20,false,"Cuauhtémoc Carrera","1.84","197","00:20:19","151","181","2.5","136","187","11:02","6:06","171","152","1.07","0.0","2,902","No","00:04:57.7","3","00:18:01","00:20:19","7,336","7,431"
Carrera,2025-04-16 11:17:29,false,"Santa Lucía del Camino Carrera","4.02","443","00:41:09","161","182","3.7","163","177","10:14","8:24","276","272","0.97","0.0","6,710","No","00:03:00.9","7","00:40:31","00:41:09","5,110","5,211"
Carrera,2025-04-15 11:11:21,false,"Santa Lucía del Camino Carrera","4.81","560","00:49:49","175","199","4.5","164","181","10:21","6:22","292","292","0.95","0.0","8,194","No","00:03:57.0","8","00:49:47","00:49:49","5,114","5,211"
Carrera,2025-04-11 15:54:48,false,"Álvaro Obregón Carrera","1.29","123","00:15:35","136","145","1.5","156","166","12:07","9:49","--","13","0.85","0.0","2,470","No","00:00:29.8","3","00:15:31","00:15:35","8,419","8,444"
Carrera,2025-04-09 16:25:10,false,"Álvaro Obregón Carrera","0.50","37","00:03:08.7","184","195","2.1","163","181","6:21","5:34","--","17","1.56","0.0","526","No","00:01:33.1","2","00:03:03","00:03:08.7","8,420","8,444"
Carrera,2025-04-09 15:55:29,false,"Álvaro Obregón Carrera","0.51","33","00:02:59.8","172","196","2.0","165","184","5:55","5:29","--","16","1.65","0.0","502","No","00:02:59.8","1","00:02:56","00:02:59.8","8,419","8,443"
Carrera,2025-04-09 15:34:41,false,"Álvaro Obregón Carrera","1.53","157","00:14:58","153","175","2.9","149","164","9:46","7:53","--","14","1.10","0.0","2,302","No","00:03:01.4","3","00:14:27","00:15:39","8,419","8,444"
Carrera,2025-04-07 16:31:24,false,"Álvaro Obregón Carrera","0.19","13","00:01:12.1","170","185","0.7","157","187","6:24","4:39","--","--","1.60","0.0","190","No","00:01:12.1","1","00:01:11","00:01:12.1","8,419","8,442"
Carrera,2025-04-07 16:08:28,false,"Álvaro Obregón Carrera","0.13","9","00:00:56.6","145","167","0.5","140","197","7:23","5:07","--","53","1.56","0.0","146","No","00:00:56.6","1","00:00:31","00:00:56.6","8,419","8,472"
Carrera,2025-04-07 16:04:59,false,"Álvaro Obregón Carrera","0.09","2","00:00:23.5","124","134","0.2","210","238","4:21","3:28","--","--","1.76","0.0","84","No","00:00:23.5","1","00:00:22","00:00:23.5","8,419","8,441"
Carrera,2025-04-07 15:41:46,false,"Álvaro Obregón Carrera","1.54","159","00:14:39","163","174","2.9","160","168","9:29","7:36","32","51","1.06","0.0","2,340","No","00:02:59.5","3","00:14:37","00:14:39","8,419","8,444"
Carrera,2025-04-04 16:51:25,false,"Álvaro Obregón Carrera","0.62","63","00:05:28.7","179","190","2.2","157","166","8:48","7:30","--","--","1.16","0.0","866","No","00:05:28.7","1","00:05:23","00:05:28.7","8,419","8,443"
Carrera,2025-04-04 16:28:18,false,"Álvaro Obregón Carrera","0.62","56","00:04:42.6","184","201","2.3","161","177","7:34","5:32","--","--","1.32","0.0","758","No","00:04:42.6","1","00:04:37","00:04:42.6","8,419","8,444"
Carrera,2025-04-04 16:05:07,false,"Álvaro Obregón Carrera","0.63","46","00:04:01.0","179","197","2.3","157","179","6:24","5:31","--","--","1.61","0.0","634","No","00:00:44.6","3","00:03:55.8","00:04:01.0","8,419","8,443"
Carrera,2025-04-04 15:42:27,false,"Álvaro Obregón Carrera","1.54","150","00:13:57","164","181","3.1","157","164","9:03","8:14","44","44","1.13","0.0","2,202","No","00:02:32.5","3","00:13:53","00:13:57","8,419","8,444"
Entrenamiento en cinta,2025-04-03 07:15:47,false,"Entrenamiento en cinta","2.23","140","00:15:01","152","166","2.6","156","163","6:44","6:27","--","--","1.53","0.0","2,318","No","00:01:34.4","3","00:15:00","00:15:01","--","--"
Carrera,2025-04-02 15:39:55,false,"Álvaro Obregón Carrera","1.50","164","00:16:01","161","176","3.0","158","166","10:40","8:26","--","14","0.95","0.0","2,554","No","00:02:35.8","3","00:15:55","00:16:01","8,419","8,443"
Entrenamiento en cinta,2025-04-01 15:58:43,false,"Entrenamiento en cinta","1.50","108","00:10:04","171","190","2.9","159","170","6:42","6:18","--","--","1.51","0.0","1,590","No","00:03:24.2","2","00:10:04","00:10:04","--","--"
Carrera,2025-03-31 16:12:09,false,"Álvaro Obregón Carrera","0.24","22","00:01:47.7","181","195","1.7","153","166","7:36","7:14","--","20","1.39","0.0","280","No","00:01:47.7","1","00:01:47.7","00:01:47.7","8,419","8,441"
Carrera,2025-03-31 16:03:15,false,"Álvaro Obregón Carrera","0.25","23","00:01:55.9","183","193","1.8","161","168","7:51","7:35","--","16","1.27","0.0","310","No","00:01:55.9","1","00:01:55.9","00:01:55.9","8,419","8,442"
Carrera,2025-03-31 15:55:37,false,"Álvaro Obregón Carrera","0.21","15","00:01:26.3","169","193","0.8","165","185","6:53","5:47","--","102","1.42","0.0","238","No","00:01:26.3","1","00:01:01","00:01:26.3","8,419","8,531"
Carrera,2025-03-31 15:33:35,false,"Álvaro Obregón Carrera","1.60","160","00:15:02","166","198","3.3","158","163","9:25","6:26","2","15","1.08","0.0","2,370","No","00:02:40.1","3","00:15:00","00:15:02","8,419","8,444"
Carrera,2025-03-26 15:55:57,false,"Carrera","1.55","137","00:11:26","189","205","3.4","159","170","7:23","6:17","--","--","1.37","0.0","1,836","No","00:02:15.8","3","00:11:25","00:11:26","--","--"
Carrera,2025-03-26 15:40:36,false,"Carrera","1.23","98","00:10:27","154","178","2.4","162","170","8:30","6:35","--","--","1.17","0.0","1,700","No","00:05:06.2","2","00:10:27","00:10:27","--","--"
Carrera,2025-03-24 16:03:52,false,"Carrera","1.21","116","00:11:12","164","177","2.7","157","164","9:17","6:57","--","--","1.10","0.0","1,772","No","00:05:25.7","2","00:11:07","00:11:55","--","--"
Carrera,2025-03-19 20:46:55,false,"Álvaro Obregón Carrera","0.37","32","00:02:30.5","195","205","2.2","160","187","6:44","5:38","--","--","1.50","0.0","396","No","00:02:30.5","1","00:02:26","00:02:30.5","8,419","8,443"
Carrera,2025-03-19 20:38:40,false,"Álvaro Obregón Carrera","0.50","40","00:03:12.2","190","199","2.4","160","176","6:26","5:37","--","14","1.56","0.0","514","No","00:01:29.7","2","00:03:07.5","00:03:12.2","8,419","8,444"
Carrera,2025-03-19 20:16:27,false,"Álvaro Obregón Carrera","1.06","93","00:09:29.5","143","191","2.5","158","164","8:56","7:05","--","--","1.14","0.0","1,488","No","00:03:54.6","2","00:09:28.6","00:09:29.5","8,419","8,444"
Carrera,2025-03-03 16:18:47,false,"Álvaro Obregón Carrera","1.36","140","00:12:02","187","200","3.3","161","179","8:51","5:58","23","30","1.13","0.0","1,948","No","00:00:42.2","3","00:11:57","00:13:27","8,419","8,444"
Carrera,2025-03-03 16:07:40,false,"Álvaro Obregón Carrera","0.64","39","00:03:47.1","151","170","2.2","167","182","5:56","5:03","--","--","1.62","0.0","636","No","00:00:05.0","2","00:03:43.0","00:03:47.1","8,419","8,443"
Carrera,2025-03-03 15:36:11,false,"Álvaro Obregón Carrera","1.17","112","00:12:07","154","175","2.3","158","168","10:23","7:12","--","--","0.98","0.0","1,922","No","00:06:02.5","2","00:12:05","00:12:07","8,419","8,443"
Carrera,2025-02-28 16:26:01,false,"Álvaro Obregón Carrera","0.49","44","00:03:40.0","190","200","2.3","165","185","7:26","5:22","--","19","1.31","0.0","606","No","00:03:40.0","1","00:03:40.0","00:03:40.0","8,420","8,444"
Carrera,2025-02-28 16:12:12,false,"Álvaro Obregón Carrera","0.25","15","00:01:25.1","167","190","1.2","168","189","5:36","4:29","--","12","1.71","0.0","232","No","00:01:25.1","1","00:01:21","00:01:25.1","8,419","8,444"
Carrera,2025-02-28 15:57:13,false,"Álvaro Obregón Carrera","0.99","100","00:08:44.2","172","186","2.8","155","160","8:48","8:02","11","28","1.18","0.0","1,364","No","00:03:23.9","2","00:08:43.3","00:08:44.2","8,419","8,452"
Carrera,2025-02-26 16:25:55,false,"Álvaro Obregón Carrera","0.50","52","00:04:57.3","169","184","2.0","161","168","9:50","9:33","--","14","1.02","0.0","798","No","00:04:57.3","1","00:04:54","00:04:57.3","8,419","8,444"
Carrera,2025-02-26 16:03:35,false,"Álvaro Obregón Carrera","1.02","109","00:10:01","172","188","2.7","159","166","9:52","9:01","16","13","1.02","0.0","1,610","No","00:03:41.4","2","00:09:54.4","00:10:01","8,419","8,445"
Carrera,2025-02-26 15:42:25,false,"Álvaro Obregón Carrera","1.27","129","00:12:09","170","187","2.9","159","166","9:35","7:21","17","30","1.05","0.0","1,938","No","00:00:11.2","3","00:12:08","00:12:09","8,419","8,443"
Carrera,2025-02-24 16:27:38,false,"Álvaro Obregón Carrera","1.50","161","00:14:51","174","194","3.1","156","163","9:55","6:44","25","31","1.04","0.0","2,324","No","00:02:15.9","3","00:14:51","00:14:51","8,419","8,443"
Carrera,2025-02-23 07:03:39,false,"Miguel Hidalgo Carrera","3.10","281","00:51:09","116","155","2.1","132","185","16:31","4:48","96","135","0.74","0.0","7,060","No","00:09:10.0","5","00:50:37","00:51:09","7,336","7,477"
Carrera,2025-02-19 16:03:22,false,"Álvaro Obregón Carrera","0.92","98","00:10:01","161","175","2.3","156","162","10:52","6:39","22","17","0.95","0.0","1,562","No","00:03:10.9","2","00:09:57","00:10:01","8,419","8,496"
Carrera,2025-02-14 16:28:41,false,"Álvaro Obregón Carrera","0.37","32","00:02:43.8","185","195","2.1","160","180","7:28","5:21","--","17","1.35","0.0","432","No","00:01:11.1","2","00:02:40","00:02:43.8","8,419","8,444"
Carrera,2025-02-14 16:18:18,false,"Álvaro Obregón Carrera","0.50","44","00:03:34.5","190","198","2.2","162","187","7:11","5:38","--","17","1.39","0.0","576","No","00:03:34.5","1","00:03:31","00:03:34.5","8,419","8,444"
Carrera,2025-02-14 16:08:12,false,"Álvaro Obregón Carrera","0.50","50","00:04:11.0","186","195","2.4","157","179","8:22","5:33","--","17","1.23","0.0","662","No","00:01:51.2","2","00:04:07.8","00:04:11.0","8,419","8,444"
Carrera,2025-02-14 15:57:17,false,"Álvaro Obregón Carrera","0.45","47","00:03:50.2","190","199","2.4","153","177","8:28","5:29","4","14","1.24","0.0","612","No","00:01:46.9","2","00:03:35","00:03:50.2","8,419","8,444"
Carrera,2025-02-14 15:47:57,false,"Carrera","0.53","28","00:02:50.1","155","175","2.0","177","191","5:23","4:51","--","--","1.69","0.0","494","No","00:01:17.5","2","00:02:49.5","00:02:50.1","--","--"
Carrera,2025-01-31 18:03:21,false,"Miguel Hidalgo Carrera","1.58","158","00:20:01","142","156","2.1","158","164","12:39","11:44","183","191","0.81","0.0","3,156","No","00:04:34.9","3","00:20:00","00:20:01","7,346","7,382"
Carrera,2025-01-29 17:43:59,false,"Miguel Hidalgo Carrera","1.60","183","00:20:02","159","170","2.5","158","164","12:32","10:18","162","170","0.81","0.0","3,182","No","00:04:31.9","3","00:20:01","00:20:02","7,347","7,382"
Carrera,2025-01-27 08:54:48,false,"Miguel Hidalgo Carrera","1.77","193","00:20:01","156","180","2.7","159","168","11:19","9:37","210","187","0.90","0.0","3,192","No","00:06:05.1","3","00:19:56","00:20:01","7,346","7,382"
Carrera,2025-01-26 07:48:44,false,"Cuauhtémoc Carrera","3.25","365","00:36:19","157","177","3.5","149","177","11:11","7:18","344","368","0.97","0.0","5,574","No","00:01:22.7","6","00:34:00","00:36:19","7,322","7,423"
Carrera,2025-01-24 17:33:14,false,"Miguel Hidalgo Carrera","2.10","223","00:22:13","161","179","3.1","157","166","10:36","8:49","176","154","0.97","0.0","3,486","No","00:02:21.2","4","00:22:12","00:22:13","7,347","7,382"
Carrera,2025-01-22 16:39:55,false,"Miguel Hidalgo Carrera","1.54","179","00:20:01","155","173","2.5","156","166","12:57","7:36","96","83","0.80","0.0","3,112","No","00:03:57.3","3","00:19:59","00:20:01","7,346","7,384"
Entrenamiento en cinta,2025-01-21 15:17:17,false,"Entrenamiento en cinta","1.16","62","00:09:03.8","128","138","0.9","153","207","7:49","5:40","--","--","1.35","0.0","1,378","No","00:01:14.8","2","00:09:03.8","00:09:03.8","--","--"
Carrera,2025-01-20 15:05:55,false,"Miguel Hidalgo Carrera","1.96","252","00:31:52","151","178","2.8","108","162","16:16","7:29","76","73","0.88","0.0","3,592","No","00:00:02.2","5","00:22:52","00:31:54","7,347","7,381"
Carrera,2025-01-16 14:37:17,false,"Carrera","2.43","245","00:20:01","184","203","3.7","158","172","8:15","7:04","--","--","1.24","0.0","3,168","No","00:04:31.6","4","00:20:00","00:20:01","--","--"
Carrera,2024-11-22 16:24:26,false,"Carrera","0.70","38","00:04:27.4","135","155","1.9","167","209","6:20","3:19","--","--","1.52","0.0","746","No","00:01:12.6","3","00:04:25.6","00:04:27.4","--","--"
Carrera,2024-11-10 06:30:39,false,"Miguel Hidalgo Carrera","6.67","643","00:53:35","175","195","4.9","163","183","8:02","5:22","51","148","1.23","0.0","8,772","No","00:03:19.6","11","00:53:32","00:53:35","7,338","7,461"
Entrenamiento en cinta,2024-11-07 07:36:08,false,"Entrenamiento en cinta","2.58","222","00:20:01","163","181","3.1","156","170","7:46","6:37","--","--","1.33","0.0","3,106","No","00:04:47.7","3","00:20:01","00:20:01","--","--"
Entrenamiento en cinta,2024-11-06 09:19:16,false,"Entrenamiento en cinta","2.66","230","00:20:19","166","178","3.2","155","170","7:39","6:42","--","--","1.36","0.0","3,138","No","00:05:05.4","3","00:20:19","00:20:19","--","--"
Entrenamiento en cinta,2024-11-05 10:01:59,false,"Entrenamiento en cinta","2.66","216","00:20:01","159","169","3.0","155","168","7:32","6:33","--","--","1.38","0.0","3,076","No","00:05:04.8","3","00:20:01","00:20:01","--","--"
Entrenamiento en cinta,2024-11-04 11:55:16,false,"Entrenamiento en cinta","1.25","120","00:11:41","155","168","2.3","134","166","9:21","6:32","--","--","1.26","0.0","1,568","No","00:03:53.5","2","00:10:02","00:11:41","--","--"
Entrenamiento en cinta,2024-11-04 11:08:40,false,"Entrenamiento en cinta","2.64","182","00:20:02","144","156","2.2","149","163","7:36","6:53","--","--","1.42","0.0","2,978","No","00:04:46.1","3","00:20:02","00:20:02","--","--"
Carrera,2024-10-27 08:02:12,false,"Naucalpan de Juárez Carrera","3.76","380","00:29:01","190","207","4.6","160","181","7:43","5:35","31","--","1.30","0.0","4,746","No","00:00:16.8","7","00:28:54","00:29:01","7,573","7,604"
Carrera,2024-08-28 15:49:58,false,"Álvaro Obregón Carrera","0.99","102","00:08:39.5","164","189","2.5","159","170","8:46","6:04","8","15","1.16","0.0","1,374","No","00:03:12.1","2","00:08:39","00:08:39.5","8,419","8,444"
Carrera,2024-08-16 15:49:47,false,"Carrera","3.30","343","00:30:31","165","186","3.3","155","183","9:15","6:24","--","--","1.12","0.0","4,768","No","00:02:45.1","6","00:29:06","00:30:31","--","--"
Carrera,2024-08-12 16:01:35,false,"Álvaro Obregón Carrera","1.71","169","00:12:02","193","205","3.4","159","183","7:02","5:36","14","35","1.44","0.0","1,900","No","00:03:21.9","3","00:11:56","00:12:02","8,419","8,443"
Carrera,2024-08-12 15:37:58,false,"Álvaro Obregón Carrera","0.79","82","00:08:04.7","147","162","2.0","159","170","10:14","8:23","--","--","0.99","0.0","1,288","No","00:01:26.8","2","00:08:03.9","00:08:04.7","8,431","8,442"
Entrenamiento en cinta,2024-08-09 17:37:54,false,"Entrenamiento en cinta","2.96","236","00:21:04","158","172","2.9","158","170","7:07","6:19","--","--","1.43","0.0","3,334","No","00:06:53.0","3","00:20:55","00:21:04","--","--"
Carrera,2024-08-07 16:11:12,false,"Álvaro Obregón Carrera","0.63","37","00:03:33.2","140","159","1.3","174","199","5:38","4:37","--","--","1.64","0.0","604","No","00:00:03.0","2","00:03:29.0","00:03:33.2","8,419","8,444"
Carrera,2024-08-07 15:37:56,false,"Álvaro Obregón Carrera","0.77","86","00:08:07.3","152","169","2.0","162","173","10:35","7:50","--","--","0.94","0.0","1,320","No","00:01:32.4","2","00:08:02.4","00:08:07.3","8,419","8,448"
Entrenamiento en cinta,2024-08-06 12:44:56,false,"Entrenamiento en cinta","1.02","117","00:14:30","138","182","2.2","86","172","14:16","5:39","--","--","0.82","0.0","1,230","No","00:07:01.7","2","00:07:08","00:14:30","--","--"
Entrenamiento en cinta,2024-08-05 13:02:35,false,"Entrenamiento en cinta","2.94","278","00:25:53","164","194","3.2","130","173","8:48","5:32","--","--","1.39","0.0","3,368","No","00:06:46.6","3","00:20:20","00:25:53","--","--"
Carrera,2024-07-26 18:16:01,false,"Miguel Hidalgo Carrera","0.72","86","00:07:19.9","171","177","2.1","158","163","10:14","9:11","69","81","0.99","0.0","1,160","No","00:00:57.5","2","00:07:19.4","00:07:19.9","7,347","7,381"
Carrera,2024-07-26 17:12:36,false,"Miguel Hidalgo Carrera","2.29","246","00:20:04","173","189","3.1","153","164","8:45","7:29","217","241","1.20","0.0","3,148","No","00:03:31.1","4","00:19:24","00:20:04","7,347","7,382"
Carrera,2024-07-24 14:52:01,false,"Miguel Hidalgo Carrera","0.73","66","00:05:08.2","167","195","2.1","163","173","7:00","6:19","37","38","1.42","0.0","838","No","00:00:44.7","2","00:05:07","00:06:00.4","7,348","7,378"
Carrera,2024-07-24 14:25:15,false,"Miguel Hidalgo Carrera","2.00","210","00:20:49","152","168","2.3","159","166","10:25","9:16","169","175","0.97","0.0","3,300","No","00:01:24.0","4","00:20:48","00:20:49","7,347","7,382"
Carrera,2024-07-21 07:02:43,false,"Oaxaca Carrera","4.57","449","00:30:28","198","209","4.9","167","206","6:40","4:32","286","529","1.45","0.0","5,032","No","00:01:28.8","8","00:30:22","00:30:28","5,046","5,398"
Carrera,2024-07-18 09:29:09,false,"Carrera","4.97","470","00:39:57","166","184","3.4","161","200","8:02","6:28","--","--","1.24","0.0","6,460","No","00:04:54.1","8","00:39:56","00:39:57","--","--"
Carrera,2024-07-14 06:17:22,false,"Cuauhtémoc Carrera","13.24","1,431","01:43:19","191","207","5.0","166","185","7:48","6:13","742","672","1.24","0.0","17,186","No","00:01:14.3","22","01:43:14","01:43:19","7,326","7,663"
Carrera,2024-07-08 19:11:34,false,"Miguel Hidalgo Carrera","0.18","12","00:00:59.3","163","185","0.4","170","187","5:27","4:55","16","22","1.74","0.0","168","No","00:00:59.3","1","00:00:55","00:00:59.3","7,347","7,381"
Carrera,2024-07-08 19:04:11,false,"Miguel Hidalgo Carrera","0.38","31","00:02:10.8","179","195","1.6","171","181","5:48","5:21","24","51","1.62","0.0","376","No","00:02:10.8","1","00:02:08","00:02:10.8","7,347","7,382"
Carrera,2024-07-08 18:54:37,false,"Miguel Hidalgo Carrera","0.62","50","00:03:37.2","187","198","1.9","169","181","5:53","5:10","58","59","1.62","0.0","624","No","00:03:37.2","1","00:03:32","00:03:37.2","7,346","7,381"
Carrera,2024-07-08 18:31:51,false,"Miguel Hidalgo Carrera","2.08","214","00:16:44","174","189","3.0","161","166","8:04","7:19","232","228","1.24","0.0","2,700","No","00:01:38.6","4","00:16:42","00:16:44","7,347","7,382"
Carrera,2024-07-04 16:57:24,false,"Miguel Hidalgo Carrera","1.26","84","00:06:28.9","172","196","2.8","180","191","5:08","4:32","139","139","1.75","0.0","1,168","No","00:00:00.4","6","00:06:26.6","00:24:04","7,347","7,382"
Carrera,2024-07-04 16:43:56,false,"Miguel Hidalgo Carrera","1.01","101","00:08:09.9","169","185","2.1","160","164","8:07","7:04","58","61","1.24","0.0","1,308","No","00:03:06.3","2","00:08:09","00:08:09.9","7,347","7,382"
Carrera,2024-07-03 20:57:33,false,"Cuauhtémoc Carrera","4.02","403","00:35:46","166","191","3.8","142","168","8:54","6:44","451","381","1.25","0.0","5,198","No","00:04:31.3","7","00:32:23","00:48:40","7,310","7,447"
Carrera,2024-07-02 09:22:25,false,"Miguel Hidalgo Carrera","1.23","68","00:05:49.3","154","184","2.4","185","216","4:45","3:54","171","200","1.84","0.0","1,058","No","00:00:32.0","10","00:05:47.6","00:23:43","7,346","7,376"
Carrera,2024-07-02 08:45:22,false,"Miguel Hidalgo Carrera","1.78","175","00:20:02","131","140","1.5","159","166","11:16","10:29","226","192","0.90","0.0","3,188","No","00:06:09.5","3","00:20:01","00:20:02","7,347","7,381"
Carrera,2024-07-01 14:32:53,false,"Miguel Hidalgo Carrera","2.51","277","00:21:15","185","197","3.3","162","181","8:28","5:00","270","275","1.17","0.0","3,472","No","00:00:14.7","22","00:21:01","00:21:15","7,347","7,382"
Carrera,2024-07-01 14:07:31,false,"Miguel Hidalgo Carrera","2.27","239","00:20:01","170","185","2.9","159","164","8:49","7:53","270","244","1.14","0.0","3,174","No","00:03:26.1","4","00:20:00","00:20:01","7,347","7,382"
Carrera,2024-06-26 11:47:15,false,"Álvaro Obregón Carrera","0.49","20","00:02:42.6","130","161","0.8","160","199","5:34","4:23","--","4","1.80","0.0","454","No","00:00:00.9","5","00:02:25","00:12:37","8,419","8,442"
Carrera,2024-06-26 11:24:28,false,"Álvaro Obregón Carrera","1.29","119","00:15:00","125","136","1.1","159","166","11:38","11:06","10","26","0.87","0.0","2,390","No","00:00:30.1","3","00:14:49","00:15:00","8,419","8,445"
Carrera,2024-06-25 07:25:53,false,"Miguel Hidalgo Carrera","1.20","81","00:06:15.6","173","194","3.1","182","195","5:13","4:41","72","87","1.69","0.0","1,084","No","00:00:35.4","10","00:06:12.1","00:18:41","7,346","7,377"
Carrera,2024-06-25 07:08:06,false,"Carrera","1.54","147","00:12:26","165","178","2.5","163","168","8:03","7:20","--","--","1.23","0.0","2,026","No","00:02:24.8","3","00:12:25","00:12:26","--","--"
Entrenamiento en cinta,2024-06-24 18:19:40,false,"Entrenamiento en cinta","2.87","242","00:19:56","169","186","3.0","161","168","6:57","5:42","--","--","1.44","0.0","3,232","No","00:06:06.3","3","00:19:48","00:19:56","--","--"
Carrera,2024-06-24 17:02:47,false,"Álvaro Obregón Carrera","0.57","25","00:02:54.4","137","155","1.6","99","214","5:08","3:33","--","--","3.44","0.0","378","No","00:00:16.1","10","00:02:15","00:16:12","8,424","8,445"
Carrera,2024-06-24 16:33:11,false,"Álvaro Obregón Carrera","2.49","244","00:20:40","166","180","3.0","159","165","8:18","6:46","16","14","1.22","0.0","3,272","No","00:00:01.3","5","00:20:39","00:20:40","8,419","8,444"
Entrenamiento en cinta,2024-06-22 16:36:25,false,"Entrenamiento en cinta","3.62","307","00:29:10","158","192","3.1","142","200","8:04","4:57","--","--","1.40","0.0","4,148","No","00:06:45.3","4","00:25:00","00:29:10","--","--"
Carrera,2024-06-20 16:08:58,false,"Miguel Hidalgo Carrera","0.59","39","00:03:09.9","169","194","2.2","174","185","5:20","4:57","--","--","1.73","0.0","550","No","00:01:02.8","2","00:03:09.8","00:07:03.7","7,533","7,559"
Carrera,2024-06-20 15:47:16,false,"Miguel Hidalgo Carrera","1.17","97","00:07:24.3","176","197","2.5","169","179","6:19","5:41","--","--","1.51","0.0","1,248","No","00:02:21.3","3","00:07:23.7","00:15:05","7,533","7,559"
Carrera,2024-06-20 15:21:38,false,"Miguel Hidalgo Carrera","1.86","157","00:11:33","187","201","3.1","170","185","6:12","5:10","55","61","1.52","0.0","1,954","No","00:03:37.5","3","00:11:32","00:19:01","7,533","7,559"
Carrera,2024-06-20 14:55:08,false,"Miguel Hidalgo Carrera","2.21","232","00:20:38","163","175","3.0","156","168","9:20","8:41","41","22","1.10","0.0","3,246","No","00:03:10.9","4","00:20:35","00:21:03","7,533","7,559"
Carrera,2024-06-19 16:49:21,false,"Álvaro Obregón Carrera","2.51","158","00:13:36","169","194","3.1","174","189","5:25","4:55","51","68","1.71","0.0","2,426","No","00:01:17.2","10","00:13:27","00:43:49","8,419","8,444"
Carrera,2024-06-19 16:21:49,false,"Álvaro Obregón Carrera","1.49","146","00:15:15","146","166","2.2","156","160","10:13","8:49","--","--","1.01","0.0","2,374","No","00:02:25.2","3","00:15:13","00:15:15","8,419","8,444"
Entrenamiento en cinta,2024-06-18 17:42:00,false,"Entrenamiento en cinta","3.78","336","00:27:09","178","184","3.7","159","172","7:11","6:17","--","--","1.41","0.0","4,292","No","00:05:40.9","4","00:27:09","00:27:09","--","--"
Carrera,2024-06-18 16:01:43,false,"Álvaro Obregón Carrera","1.16","72","00:05:52.6","169","192","2.9","179","198","5:03","4:23","17","18","1.78","0.0","1,052","No","00:00:36.3","9","00:05:48.6","00:23:58","8,419","8,443"
Carrera,2024-06-18 15:58:58,false,"Álvaro Obregón Carrera","0.13","7","00:00:36.2","162","186","0.3","187","195","4:40","4:25","--","--","1.84","0.0","108","No","00:00:00.5","2","00:00:35.5","00:00:36.2","8,419","8,442"
Carrera,2024-06-18 15:35:19,false,"Álvaro Obregón Carrera","1.91","190","00:15:46","173","188","3.1","156","164","8:15","6:59","--","--","1.25","0.0","2,502","No","00:00:21.4","4","00:15:29","00:15:46","8,419","8,445"
Entrenamiento en cinta,2024-06-17 15:37:32,false,"Entrenamiento en cinta","5.59","496","00:45:19","164","194","3.7","143","173","8:07","5:18","--","--","1.38","0.0","6,482","No","00:03:56.3","6","00:40:03","00:45:19","--","--"
Entrenamiento en cinta,2024-06-17 15:17:26,false,"Entrenamiento en cinta","1.80","157","00:19:28","137","169","2.3","108","168","10:51","6:08","--","--","1.33","0.0","2,010","No","00:06:43.1","2","00:12:12","00:19:28","--","--"
Carrera,2024-06-12 16:44:37,false,"Álvaro Obregón Carrera","0.50","39","00:02:49.2","190","203","2.1","177","189","5:36","5:10","--","13","1.63","0.0","498","No","00:02:49.2","1","00:02:48","00:02:49.2","8,419","8,443"
Carrera,2024-06-12 16:28:14,false,"Álvaro Obregón Carrera","0.75","64","00:04:41.8","182","199","2.3","168","189","6:16","5:14","--","17","1.53","0.0","786","No","00:00:48.9","2","00:04:37.9","00:04:41.8","8,419","8,444"
Carrera,2024-06-12 16:15:21,false,"Álvaro Obregón Carrera","0.50","33","00:02:46.4","168","184","1.3","178","189","5:31","4:59","--","17","1.64","0.0","502","No","00:01:20.5","2","00:02:44.0","00:02:46.4","8,419","8,444"
Carrera,2024-06-12 16:04:07,false,"Carrera","0.73","53","00:04:25.3","172","196","2.0","170","181","6:05","5:09","--","--","1.56","0.0","758","No","00:01:22.1","3","00:04:24.0","00:04:25.3","--","--"
Entrenamiento en cinta,2024-06-11 17:36:13,false,"Entrenamiento en cinta","3.76","339","00:26:22","182","200","4.0","159","172","7:01","5:40","--","--","1.44","0.0","4,178","No","00:05:32.4","4","00:25:46","00:26:22","--","--"
Entrenamiento en cinta,2024-06-11 16:18:05,false,"Entrenamiento en cinta","2.01","146","00:14:17","149","164","2.3","156","165","7:06","6:17","--","--","1.45","0.0","2,214","No","00:00:04.0","3","00:14:17","00:14:17","--","--"
Carrera,2024-06-10 17:20:18,false,"Álvaro Obregón Carrera","0.25","16","00:01:18.8","174","189","0.7","180","193","5:13","4:32","--","16","1.71","0.0","230","No","00:01:18.8","1","00:01:18","00:01:18.8","8,419","8,443"
Carrera,2024-06-10 17:11:31,false,"Álvaro Obregón Carrera","0.25","16","00:01:15.5","178","194","1.3","184","199","5:03","4:30","--","16","1.73","0.0","232","No","00:01:15.5","1","00:01:15.5","00:01:15.5","8,419","8,442"
Carrera,2024-06-10 17:07:32,false,"Carrera","0.19","6","00:00:35.7","148","162","0.6","200","224","3:06","2:09","--","--","2.59","0.0","114","No","00:00:35.7","1","00:00:35.7","00:00:35.8","8,470","8,470"
Carrera,2024-06-10 17:03:30,false,"Carrera","0.18","4","00:00:30.3","129","144","0.2","188","228","2:52","1:59","--","--","2.98","0.0","84","No","00:00:30.3","1","00:00:28","00:00:30.3","--","--"
Carrera,2024-06-05 16:11:41,false,"Álvaro Obregón Carrera","0.51","45","00:03:32.4","181","193","1.9","162","175","6:58","6:11","--","--","1.43","0.0","590","No","00:03:32.4","1","00:03:26","00:03:32.4","8,419","8,443"
Carrera,2024-06-05 16:00:52,false,"Álvaro Obregón Carrera","0.25","19","00:01:27.1","181","196","1.3","176","187","5:46","5:25","--","13","1.59","0.0","256","No","00:01:27.1","1","00:01:27","00:01:27.1","8,419","8,442"
Carrera,2024-06-05 15:55:55,false,"Álvaro Obregón Carrera","0.25","19","00:01:27.2","185","197","1.1","176","183","5:45","5:27","--","--","1.59","0.0","252","No","00:01:27.2","1","00:01:27","00:01:27.2","8,419","8,444"
Carrera,2024-06-05 15:52:48,false,"Álvaro Obregón Carrera","0.26","12","00:01:08.4","160","183","0.7","186","209","4:28","3:45","--","17","1.94","0.0","220","No","00:01:08.4","1","00:01:08","00:01:08.4","8,419","8,443"
Carrera,2024-06-05 15:33:45,false,"Álvaro Obregón Carrera","1.34","134","00:12:08","152","178","2.5","160","175","9:05","6:42","22","28","1.10","0.0","1,944","No","00:00:44.7","3","00:12:07","00:12:09","8,419","8,445"
Carrera,2024-06-04 15:53:34,false,"Álvaro Obregón Carrera","0.64","65","00:05:30.1","165","181","2.2","161","185","8:37","5:34","--","--","1.16","0.0","902","No","00:00:05.6","2","00:05:25","00:05:30.1","8,419","8,442"
Carrera,2024-06-04 15:37:37,false,"Álvaro Obregón Carrera","0.65","71","00:06:48.7","156","164","1.7","158","249","10:27","8:56","--","--","0.97","0.0","1,094","No","00:00:17.7","2","00:06:48.0","00:06:48.7","8,419","8,443"
Carrera,2024-06-04 15:28:18,false,"Álvaro Obregón Carrera","0.64","61","00:04:55.1","175","190","2.2","164","177","7:44","6:09","5","--","1.27","0.0","798","No","00:00:06.0","2","00:04:54.1","00:04:55.1","8,419","8,442"
Carrera,2024-06-04 15:19:35,false,"Álvaro Obregón Carrera","0.66","66","00:07:55.6","137","150","0.9","154","160","11:57","10:36","29","16","0.87","0.0","1,230","No","00:00:28.6","2","00:07:55.6","00:07:55.6","8,419","8,444"
Carrera,2024-06-03 16:23:18,false,"Álvaro Obregón Carrera","0.09","6","00:00:25.2","187","195","1.8","188","212","4:30","3:32","--","--","1.90","0.0","78","No","00:00:25.2","1","00:00:25","00:00:25.2","8,420","8,441"
Carrera,2024-06-03 16:20:00,false,"Álvaro Obregón Carrera","0.09","5","00:00:24.6","176","185","0.5","191","209","4:19","4:00","--","--","1.95","0.0","78","No","00:00:24.6","1","00:00:24.6","00:00:24.6","8,419","8,442"
Carrera,2024-06-03 16:16:26,false,"Álvaro Obregón Carrera","0.09","6","00:00:25.8","185","193","0.5","179","209","4:40","4:18","--","--","1.93","0.0","80","No","00:00:25.8","1","00:00:25.8","00:00:25.8","8,419","8,440"
Carrera,2024-06-03 16:11:25,false,"Álvaro Obregón Carrera","0.18","8","00:00:46.3","157","183","1.5","161","225","4:15","2:39","3","--","2.35","0.0","118","No","00:00:46.3","1","00:00:43","00:02:50.5","8,419","8,442"
Carrera,2024-05-22 16:36:27,false,"Álvaro Obregón Carrera","1.90","193","00:14:01","196","203","3.5","173","193","7:22","5:03","--","--","1.26","0.0","2,436","No","00:00:43.3","4","00:13:56","00:14:02","8,419","8,443"
Carrera,2024-05-22 16:25:33,false,"Álvaro Obregón Carrera","0.25","26","00:01:53.2","183","190","2.0","162","173","7:28","6:23","--","22","1.33","0.0","316","No","00:01:53.2","1","00:01:53","00:01:53.2","8,420","8,445"
Carrera,2024-05-22 16:12:58,false,"Álvaro Obregón Carrera","0.25","24","00:01:43.0","180","195","1.3","164","176","6:50","6:06","--","18","1.43","0.0","286","No","00:01:43.0","1","00:01:42","00:01:43.0","8,420","8,444"
Carrera,2024-05-22 16:00:51,false,"Carrera","0.25","17","00:01:24.1","173","191","0.7","175","185","5:32","3:29","--","--","1.67","0.0","252","No","00:01:24.1","1","00:01:24","00:01:24.1","--","--"
Carrera,2024-05-15 17:10:22,false,"Álvaro Obregón Carrera","0.50","36","00:02:43.2","178","200","2.1","168","194","5:25","4:25","--","13","1.78","0.0","482","No","00:01:16.8","2","00:02:36","00:02:43.2","8,419","8,444"
Carrera,2024-05-15 17:00:12,false,"Álvaro Obregón Carrera","0.52","39","00:03:02.4","180","193","1.5","168","187","5:53","5:02","--","16","1.62","0.0","518","No","00:00:03.0","3","00:03:01.9","00:03:02.4","8,419","8,444"
Carrera,2024-05-15 16:44:24,false,"Álvaro Obregón Carrera","1.01","100","00:11:14","139","150","1.4","160","168","11:06","6:58","22","20","0.91","0.0","1,814","No","00:04:30.8","2","00:11:10","00:11:14","8,397","8,442"
Entrenamiento en cinta,2024-05-14 16:19:33,false,"Entrenamiento en cinta","2.82","242","00:19:33","175","189","3.3","162","174","6:56","5:30","--","--","1.43","0.0","3,178","No","00:05:33.9","3","00:19:25","00:19:33","--","--"
Carrera,2024-05-13 17:17:22,false,"Álvaro Obregón Carrera","0.50","37","00:02:45.6","169","181","2.0","172","192","5:31","4:31","--","17","1.70","0.0","480","No","00:01:18.8","2","00:02:40.8","00:02:45.6","8,419","8,444"
Carrera,2024-05-13 17:03:35,false,"Álvaro Obregón Carrera","0.51","31","00:02:45.4","154","191","1.7","176","195","5:25","4:17","5","18","1.68","0.0","466","No","00:01:18.2","2","00:02:45","00:02:45.4","8,419","8,444"
Carrera,2024-05-13 16:41:45,false,"Álvaro Obregón Carrera","1.30","109","00:13:13","128","140","1.5","156","160","10:12","7:35","10","16","1.01","0.0","2,066","No","00:00:33.7","3","00:13:13","00:13:13","8,419","8,444"
Carrera,2024-05-08 19:03:16,false,"Álvaro Obregón Carrera","1.77","169","00:13:02","182","194","3.1","161","168","7:23","6:43","27","41","1.36","0.0","2,096","No","00:03:49.8","3","00:13:00","00:13:02","8,419","8,444"
Carrera,2024-05-07 17:57:39,false,"Álvaro Obregón Carrera","2.74","266","00:34:01","127","140","1.9","157","166","12:26","9:11","11","23","0.83","0.0","5,388","No","00:00:03.0","6","00:33:56","00:34:01","8,419","8,444"
Carrera,2024-05-05 12:35:36,false,"Cuauhtémoc Carrera","7.58","771","01:03:27","178","197","5.0","159","179","8:22","5:30","640","619","1.21","0.0","10,236","No","00:00:59.7","13","01:02:11","01:14:41","7,303","7,423"
Entrenamiento en cinta,2024-05-02 16:50:37,false,"Entrenamiento en cinta","3.87","337","00:27:05","180","191","3.8","164","183","7:00","5:01","--","--","1.40","0.0","4,442","No","00:06:11.8","4","00:26:59","00:27:05","--","--"
Entrenamiento en cinta,2024-04-30 16:34:05,false,"Entrenamiento en cinta","3.92","303","00:24:53","175","199","3.7","163","181","6:20","5:16","--","--","1.56","0.0","4,040","No","00:05:32.7","4","00:24:43","00:24:53","--","--"
Entrenamiento en cinta,2024-04-30 15:30:17,false,"Entrenamiento en cinta","0.85","47","00:05:40.1","133","145","0.8","158","168","6:41","6:20","--","--","1.52","0.0","896","No","00:05:40.1","1","00:05:40","00:05:40.1","--","--"
Carrera,2024-04-29 16:23:42,false,"Álvaro Obregón Carrera","0.64","42","00:03:38.2","163","190","2.0","177","200","5:43","4:51","--","--","1.59","0.0","624","No","00:00:39.8","3","00:03:37.7","00:03:38.2","8,419","8,443"
Carrera,2024-04-29 15:42:21,false,"Álvaro Obregón Carrera","1.25","117","00:09:36.7","163","179","2.7","165","183","7:42","6:09","23","30","1.26","0.0","1,598","No","00:00:01.8","3","00:09:24.8","00:09:36.7","8,419","8,443"
Entrenamiento en cinta,2024-04-25 15:26:33,false,"Entrenamiento en cinta","2.94","198","00:19:30","152","166","2.5","159","166","6:39","6:13","--","--","1.52","0.0","3,092","No","00:01:14.9","4","00:19:30","00:19:30","--","--"
Carrera,2024-04-24 16:23:24,false,"Álvaro Obregón Carrera","0.50","29","00:02:46.7","156","187","1.9","178","209","5:32","3:55","--","13","1.64","0.0","492","No","00:01:15.8","2","00:02:42.0","00:02:46.7","8,419","8,443"
Carrera,2024-04-24 16:07:51,false,"Álvaro Obregón Carrera","1.35","133","00:12:20","158","171","2.4","159","166","9:08","6:39","--","19","1.11","0.0","1,948","No","00:01:04.7","3","00:12:19","00:12:20","8,419","8,447"
Entrenamiento en cinta,2024-04-23 16:50:10,false,"Entrenamiento en cinta","2.65","226","00:17:40","184","203","3.5","155","193","6:39","4:02","--","--","1.57","0.0","2,758","No","00:04:36.8","3","00:16:37","00:17:40","--","--"
Entrenamiento en cinta,2024-04-23 15:54:13,false,"Entrenamiento en cinta","0.73","46","00:05:15.4","137","147","0.8","153","160","7:10","6:25","--","--","1.46","0.0","816","No","00:01:16.2","2","00:05:08","00:05:15.4","--","--"
Carrera,2024-04-22 15:45:13,false,"Álvaro Obregón Carrera","4.03","390","00:41:15","140","158","2.8","157","168","10:14","7:14","53","63","1.00","0.0","6,452","No","00:02:50.3","7","00:41:08","00:41:15","8,419","8,446"
Carrera,2024-04-21 12:30:18,false,"Iztacalco Carrera","0.48","28","00:02:32.6","159","177","2.0","182","219","5:19","3:14","77","2","1.67","0.0","454","No","00:01:09.5","2","00:02:28","00:02:32.6","7,309","7,389"
Carrera,2024-04-20 13:18:20,false,"Iztacalco Carrera","0.94","72","00:05:22.4","190","207","2.9","172","196","5:42","4:36","--","--","1.63","0.0","930","No","00:00:26.4","3","00:05:17","00:05:22.4","7,303","7,330"
Carrera,2024-04-18 16:36:04,false,"Álvaro Obregón Carrera","0.50","33","00:02:45.8","151","167","2.0","175","193","5:31","4:55","--","17","1.67","0.0","486","No","00:01:21.8","2","00:02:41","00:02:45.8","8,419","8,443"
Carrera,2024-04-18 16:02:53,false,"Álvaro Obregón Carrera","2.02","203","00:19:19","149","161","2.6","156","163","9:35","8:27","--","12","1.07","0.0","3,008","No","00:01:27.5","4","00:19:17","00:19:19","8,419","8,443"
Carrera,2024-04-17 15:59:28,false,"Álvaro Obregón Carrera","0.51","31","00:02:39.0","165","188","2.1","180","190","5:12","4:47","--","19","1.72","0.0","482","No","00:01:17.5","2","00:02:38.5","00:02:39.0","8,419","8,445"
Carrera,2024-04-17 15:34:33,false,"Álvaro Obregón Carrera","1.23","151","00:19:10","141","174","2.5","88","168","15:37","6:15","67","42","1.29","0.0","1,780","No","00:05:12.6","3","00:10:49","00:19:23","8,419","8,480"
Carrera,2024-04-15 16:32:58,false,"Álvaro Obregón Carrera","0.50","40","00:02:55.4","193","205","2.2","173","189","5:49","4:52","--","19","1.60","0.0","508","No","00:02:55.4","1","00:02:55","00:02:55.4","8,419","8,445"
Carrera,2024-04-15 16:14:22,false,"Álvaro Obregón Carrera","0.49","31","00:02:46.4","165","196","2.2","177","213","5:39","5:05","--","16","1.61","0.0","490","No","00:01:16.8","2","00:02:32.6","00:02:46.4","8,419","8,444"
Carrera,2024-04-15 15:44:09,false,"Álvaro Obregón Carrera","2.13","215","00:18:47","166","184","3.1","156","163","8:49","8:02","14","21","1.17","0.0","2,906","No","00:02:14.5","8","00:18:45","00:18:47","8,419","8,443"
Carrera,2024-04-10 16:27:05,false,"Álvaro Obregón Carrera","0.50","40","00:02:58.2","186","197","2.1","169","187","5:59","5:21","--","19","1.59","0.0","518","No","00:01:25.7","2","00:02:57","00:02:58.2","8,419","8,444"
Carrera,2024-04-10 16:14:34,false,"Álvaro Obregón Carrera","0.51","36","00:02:57.8","160","191","2.1","170","195","5:47","4:53","--","22","1.63","0.0","516","No","00:01:24.1","2","00:02:56.7","00:02:57.8","8,419","8,444"
Carrera,2024-04-08 16:32:16,false,"Carrera","0.65","44","00:03:43.9","171","196","2.1","172","200","5:45","4:26","--","--","1.63","0.0","632","No","00:00:39.8","3","00:03:43.5","00:03:43.9","--","--"
Carrera,2024-04-03 16:33:34,false,"Álvaro Obregón Carrera","1.61","160","00:12:00","188","200","3.1","164","187","7:28","5:19","31","23","1.32","0.0","1,962","No","00:01:55.5","4","00:11:55","00:12:00","8,419","8,443"
Entrenamiento en cinta,2024-04-02 15:40:39,false,"Entrenamiento en cinta","2.04","135","00:14:13","142","152","2.0","157","166","6:57","6:25","--","--","1.47","0.0","2,236","No","00:00:18.6","3","00:14:10","00:14:13","--","--"
Carrera,2024-04-01 16:34:09,false,"Álvaro Obregón Carrera","0.63","46","00:03:38.4","165","191","2.1","170","192","5:47","4:49","--","--","1.63","0.0","618","No","00:00:02.4","2","00:03:37","00:03:38.4","8,419","8,444"
Carrera,2024-03-29 08:34:11,false,"Oaxaca Carrera","0.76","69","00:05:07.0","180","197","2.4","164","170","6:46","6:22","137","176","1.45","0.0","844","No","00:01:40.0","2","00:05:07.0","00:05:07.0","5,038","5,121"
Carrera,2024-03-29 08:23:33,false,"Oaxaca Carrera","0.76","67","00:04:45.1","161","181","2.4","164","175","6:15","5:34","116","154","1.57","0.0","792","No","00:00:55.7","2","00:04:43.7","00:04:45.1","5,038","5,121"
Carrera,2024-03-29 08:03:08,false,"Oaxaca Carrera","1.77","178","00:16:28","150","163","2.5","157","164","9:19","7:53","245","314","1.10","0.0","2,568","No","00:04:48.6","3","00:16:28","00:16:28","5,040","5,120"
Carrera,2024-03-23 14:22:47,false,"Miguel Hidalgo Carrera","0.95","79","00:05:43.1","191","199","2.6","170","200","6:01","4:44","4","--","1.57","0.0","966","No","00:02:08.0","2","00:05:39","00:05:43.1","7,478","7,495"
Carrera,2024-03-23 12:33:27,false,"Miguel Hidalgo Carrera","0.50","26","00:02:28.8","153","175","2.1","175","198","4:55","4:12","11","--","1.87","0.0","460","No","00:02:28.8","1","00:02:28","00:02:28.8","7,478","7,495"
Carrera,2024-03-21 17:44:57,false,"Álvaro Obregón Carrera","2.04","200","00:24:52","129","161","1.8","156","181","12:11","5:12","26","40","0.85","0.0","3,898","No","00:01:55.8","4","00:24:46","00:25:09","8,419","8,444"
Carrera,2024-03-20 18:32:37,false,"Álvaro Obregón Carrera","0.50","35","00:02:43.6","173","185","1.6","172","187","5:27","5:05","--","17","1.72","0.0","476","No","00:01:20.2","2","00:02:38.4","00:02:43.6","8,419","8,444"
Carrera,2024-03-20 18:17:06,false,"Álvaro Obregón Carrera","0.95","85","00:06:44.0","176","187","2.4","162","174","7:04","6:01","--","--","1.41","0.0","1,076","No","00:02:25.2","2","00:06:43.8","00:06:44.0","8,419","8,443"
Carrera,2024-03-20 17:50:30,false,"Álvaro Obregón Carrera","2.18","221","00:20:59","148","168","2.7","157","168","9:38","8:59","31","43","1.06","0.0","3,288","No","00:02:59.2","4","00:20:58","00:21:18","8,419","8,445"
Carrera,2024-03-18 19:57:42,false,"Carrera","4.47","457","00:35:37","183","197","4.6","161","174","7:59","6:01","--","--","1.26","0.0","5,772","No","00:00:52.7","8","00:35:30","00:38:07","--","--"
Carrera,2024-03-15 16:56:07,false,"Carrera","0.73","82","00:06:55.8","166","181","2.4","159","166","9:30","7:16","--","--","1.07","0.0","1,106","No","00:01:05.9","6","00:06:53.9","00:06:55.8","--","--"
Carrera,2024-03-11 16:41:08,false,"Álvaro Obregón Carrera","0.63","61","00:04:33.7","184","193","2.3","163","187","7:13","5:42","--","--","1.37","0.0","748","No","00:00:03.8","2","00:04:31.9","00:04:33.7","8,419","8,443"
Carrera,2024-03-11 16:23:32,false,"Álvaro Obregón Carrera","0.64","53","00:03:49.2","187","200","2.5","168","195","6:00","3:49","--","--","1.60","0.0","650","No","00:01:33.2","2","00:03:45.2","00:03:49.2","8,419","8,444"
Carrera,2024-03-11 16:06:03,false,"Álvaro Obregón Carrera","0.64","47","00:03:40.2","183","196","2.2","168","189","5:45","5:01","--","--","1.65","0.0","626","No","00:00:39.1","3","00:03:36","00:03:40.2","8,419","8,443"
Carrera,2024-03-09 08:28:19,false,"Carrera","1.90","201","00:15:42","182","194","3.4","162","172","8:17","6:26","--","--","1.20","0.0","2,554","No","00:00:13.8","4","00:15:37","00:16:22","--","--"
Carrera,2024-03-09 08:07:42,false,"Carrera","1.71","170","00:20:20","137","152","2.0","160","168","11:52","7:40","--","--","0.85","0.0","3,244","No","00:06:12.8","3","00:20:20","00:20:20","--","--"
Carrera,2024-03-06 16:30:36,false,"Álvaro Obregón Carrera","0.96","90","00:06:30.4","191","199","2.7","165","187","6:48","5:27","--","--","1.43","0.0","1,072","No","00:01:09.4","3","00:06:25.5","00:06:30.4","8,419","8,444"
Carrera,2024-03-06 16:17:17,false,"Álvaro Obregón Carrera","0.50","36","00:02:48.1","185","201","2.2","174","196","5:37","5:00","16","17","1.65","0.0","480","No","00:01:19.9","2","00:02:43.2","00:02:48.1","8,419","8,444"
Carrera,2024-03-06 16:03:18,false,"Álvaro Obregón Carrera","0.95","92","00:07:03.1","180","193","2.5","163","179","7:25","6:13","--","--","1.33","0.0","1,138","No","00:01:17.4","4","00:07:02.3","00:07:03.1","8,419","8,444"
Carrera,2024-03-06 15:53:38,false,"Álvaro Obregón Carrera","0.50","38","00:03:24.9","164","184","1.5","162","176","6:53","6:23","9","14","1.45","0.0","554","No","00:01:35.5","2","00:03:20","00:03:24.9","8,419","8,443"
Carrera,2024-03-04 16:19:48,false,"Carrera","0.57","85","00:08:20.7","147","160","1.8","161","192","14:42","4:22","--","--","0.68","0.0","1,338","No","00:08:20.7","1","00:08:09","00:08:20.7","--","--"
Carrera,2024-03-01 16:48:57,false,"Álvaro Obregón Carrera","0.51","39","00:03:05.7","178","192","2.1","174","193","6:06","4:57","--","16","1.52","0.0","544","No","00:01:26.8","2","00:03:01","00:03:05.7","8,419","8,447"
Carrera,2024-02-28 16:30:31,false,"Álvaro Obregón Carrera","0.78","68","00:04:59.6","189","203","2.5","167","196","6:25","5:12","--","--","1.50","0.0","824","No","00:01:23.8","3","00:04:55.8","00:04:59.6","8,419","8,444"
Carrera,2024-02-28 16:16:06,false,"Álvaro Obregón Carrera","0.79","69","00:05:05.9","186","204","2.4","167","190","6:28","5:28","--","--","1.50","0.0","840","No","00:01:28.0","3","00:05:01.8","00:05:05.9","8,419","8,445"
Carrera,2024-02-28 16:01:54,false,"Álvaro Obregón Carrera","0.74","57","00:04:45.4","173","199","2.4","170","199","6:27","5:21","--","--","1.47","0.0","802","No","00:01:19.4","3","00:04:44.8","00:04:45.4","8,420","8,443"
Carrera,2024-02-26 16:23:03,false,"Álvaro Obregón Carrera","1.03","117","00:09:27.8","178","195","2.6","161","168","9:11","6:27","--","44","1.09","0.0","1,534","No","00:03:27.2","2","00:09:27","00:09:27.8","8,419","8,475"
Carrera,2024-02-26 16:12:20,false,"Carrera","0.26","10","00:01:10.1","133","151","0.8","179","216","4:34","2:43","--","--","1.97","0.0","212","No","00:01:10.1","1","00:01:04","00:01:10.1","--","--"
Carrera,2024-02-14 16:57:58,false,"Carrera","1.74","168","00:12:01","192","197","3.3","166","179","6:55","5:19","--","--","1.40","0.0","1,982","No","00:01:47.2","6","00:12:00","00:12:01","--","--"
Carrera,2024-01-23 16:46:18,false,"Miguel Hidalgo Carrera","0.79","75","00:05:15.6","193","202","2.4","169","189","6:39","5:34","9","--","1.43","0.0","880","No","00:01:13.9","4","00:05:13.5","00:05:15.6","7,533","7,559"
Carrera,2024-01-23 16:37:35,false,"Miguel Hidalgo Carrera","0.78","73","00:05:13.3","191","201","2.3","168","181","6:41","5:51","--","--","1.43","0.0","870","No","00:01:13.5","4","00:05:12.6","00:05:13.3","7,533","7,559"
Carrera,2024-01-23 16:29:57,false,"Miguel Hidalgo Carrera","0.78","70","00:04:59.5","186","198","2.4","169","181","6:22","5:46","11","--","1.49","0.0","824","No","00:01:09.6","4","00:04:56.3","00:04:59.5","7,534","7,559"
Carrera,2024-01-23 16:08:16,false,"Miguel Hidalgo Carrera","1.62","175","00:14:30","166","185","2.8","157","166","8:57","8:16","25","28","1.15","0.0","2,280","No","00:03:10.3","3","00:14:24","00:14:30","7,533","7,559"
Entrenamiento en cinta,2024-01-17 14:36:16,false,"Entrenamiento en cinta","5.00","446","00:34:43","183","203","4.3","154","177","6:56","4:46","--","--","1.50","0.0","5,330","No","00:00:02.8","6","00:33:09","00:34:43","--","--"
Carrera,2024-01-14 16:50:03,false,"Miguel Hidalgo Carrera","1.96","186","00:13:26","190","200","3.3","166","193","6:51","5:50","19","17","1.41","0.0","2,208","No","00:00:23.6","10","00:13:25","00:13:26","7,533","7,559"
Carrera,2024-01-14 16:19:37,false,"Miguel Hidalgo Carrera","2.28","244","00:20:21","166","178","3.1","158","172","8:55","8:13","29","41","1.14","0.0","3,220","No","00:03:41.9","4","00:20:17","00:20:21","7,533","7,559"
Carrera,2024-01-12 07:15:37,false,"Miguel Hidalgo Carrera","0.77","72","00:05:23.0","172","186","2.2","165","191","7:00","5:20","--","--","1.40","0.0","886","No","00:01:11.7","4","00:05:21.2","00:05:23.0","7,534","7,559"
Carrera,2024-01-12 07:01:14,false,"Miguel Hidalgo Carrera","0.77","63","00:04:53.7","171","192","2.2","168","199","6:19","4:59","--","--","1.52","0.0","812","No","00:01:06.8","4","00:04:49.5","00:04:53.7","7,534","7,559"
Carrera,2024-01-12 06:29:21,false,"Miguel Hidalgo Carrera","2.18","226","00:20:50","150","169","2.6","156","165","9:34","8:47","49","44","1.08","0.0","3,264","No","00:02:49.4","4","00:20:22","00:20:50","7,533","7,559"
Carrera,2024-01-10 08:07:40,false,"Álvaro Obregón Carrera","0.63","49","00:03:30.2","182","196","2.2","174","199","5:33","4:55","3","--","1.67","0.0","606","No","00:00:02.7","2","00:03:29.7","00:03:30.2","8,419","8,445"
Carrera,2024-01-10 07:35:24,false,"Álvaro Obregón Carrera","1.54","163","00:16:24","150","165","2.1","157","168","10:40","9:29","40","48","0.96","0.0","2,596","No","00:03:16.7","3","00:16:22","00:16:24","8,419","8,445"
Entrenamiento en cinta,2024-01-07 16:19:54,false,"Entrenamiento en cinta","1.77","159","00:14:47","150","173","2.2","141","170","8:21","6:09","--","--","1.36","0.0","2,088","No","00:06:33.8","2","00:12:49","00:14:47","--","--"
Carrera,2024-01-03 19:55:41,false,"Oaxaca Carrera","0.63","55","00:03:44.5","187","201","2.1","175","190","5:57","5:33","103","142","1.55","0.0","648","No","00:00:01.8","2","00:03:44.5","00:03:44.5","5,040","5,121"
Carrera,2024-01-03 19:43:39,false,"Oaxaca Carrera","0.63","57","00:04:03.9","185","200","2.1","166","187","6:29","5:35","73","126","1.49","0.0","672","No","00:00:01.7","2","00:03:59.7","00:04:03.9","5,037","5,121"
Carrera,2024-01-03 19:33:56,false,"Oaxaca Carrera","0.63","51","00:03:33.8","184","202","2.1","173","187","5:41","4:56","112","150","1.64","0.0","606","No","00:00:01.7","2","00:03:33.0","00:03:33.8","5,037","5,120"
Carrera,2024-01-03 19:15:18,false,"Oaxaca Carrera","1.37","143","00:12:27","162","177","2.2","162","166","9:07","8:38","233","233","1.09","0.0","2,010","No","00:01:07.6","3","00:12:26","00:12:27","5,038","5,124"
Carrera,2024-01-02 20:33:06,false,"Oaxaca Carrera","1.25","121","00:08:24.8","191","202","2.7","168","179","6:44","5:34","200","235","1.43","0.0","1,420","No","00:01:36.6","5","00:08:20.0","00:08:24.8","5,037","5,121"
Carrera,2024-01-02 20:20:13,false,"Oaxaca Carrera","1.25","118","00:08:16.5","181","201","2.6","166","187","6:38","5:33","223","237","1.47","0.0","1,362","No","00:01:32.3","5","00:08:11.1","00:08:16.5","5,037","5,121"
Carrera,2024-01-02 19:59:00,false,"Oaxaca Carrera","1.94","202","00:16:02","170","184","2.7","159","166","8:15","7:53","332","285","1.22","0.0","2,556","No","00:00:37.8","4","00:16:00","00:16:02","5,039","5,121"
Carrera,2023-12-31 08:14:27,false,"Santa Cruz Xoxocotlán Carrera","3.01","309","00:21:29","190","208","3.7","166","202","7:08","3:33","253","261","1.35","0.0","3,576","No","00:03:18.9","5","00:21:23","00:21:29","5,225","5,378"
Carrera,2023-12-30 19:14:23,false,"Oaxaca Carrera","2.49","243","00:18:39","172","184","3.1","158","180","7:30","6:46","530","511","1.36","0.0","2,956","No","00:00:01.7","5","00:18:34","00:19:31","5,037","5,120"
Carrera,2023-12-29 18:47:48,false,"Santa Lucía del Camino Carrera","3.27","338","00:25:57","175","194","3.4","158","168","7:56","7:02","153","154","1.29","0.0","4,132","No","00:01:22.5","6","00:25:47","00:26:15","5,123","5,150"
Carrera,2023-12-27 20:01:42,false,"Santa Cruz Xoxocotlán Carrera","0.52","42","00:03:15.2","160","186","1.8","169","187","6:12","5:05","71","70","1.53","0.0","542","No","00:03:15.2","1","00:03:12","00:06:00.4","5,068","5,109"
Carrera,2023-12-27 19:10:24,false,"Santa Cruz Xoxocotlán Carrera","2.74","296","00:21:34","181","194","3.3","158","166","7:52","6:45","288","280","1.30","0.0","3,412","No","00:02:06.4","5","00:21:30","00:21:34","5,040","5,102"
Carrera,2023-12-17 08:33:37,false,"Iztacalco Carrera","3.13","293","00:21:00","168","193","3.3","168","195","6:43","5:23","7","19","1.43","0.0","3,474","No","00:01:36.8","12","00:20:50","00:21:00","7,318","7,344"
Carrera,2023-12-16 12:23:49,false,"Iztacalco Carrera","0.95","74","00:05:25.1","178","196","2.4","173","218","5:43","3:52","10","12","1.62","0.0","918","No","00:00:50.5","3","00:05:20.1","00:05:25.1","7,317","7,344"
Carrera,2023-12-15 13:30:17,false,"Cuauhtémoc Carrera","4.94","536","00:47:20","159","173","3.1","158","164","9:35","7:08","572","705","1.07","0.0","7,480","No","00:05:16.5","8","00:47:19","00:47:45","7,249","7,515"
Carrera,2023-12-13 12:10:23,false,"Miguel Hidalgo Carrera","0.78","69","00:05:04.0","175","187","2.1","167","182","6:30","5:51","--","--","1.49","0.0","846","No","00:01:11.3","4","00:05:02.4","00:05:04.0","7,534","7,559"
Carrera,2023-12-13 11:59:43,false,"Miguel Hidalgo Carrera","0.77","68","00:05:15.6","172","187","2.0","163","178","6:51","6:06","--","--","1.45","0.0","852","No","00:01:14.0","4","00:05:10.9","00:05:15.6","7,534","7,559"
Carrera,2023-12-13 11:50:39,false,"Miguel Hidalgo Carrera","0.73","61","00:04:43.0","162","188","2.0","170","190","6:25","6:13","--","--","1.48","0.0","812","No","00:01:03.6","4","00:04:29.3","00:04:43.0","7,534","7,557"
Carrera,2023-12-13 11:35:40,false,"Miguel Hidalgo Carrera","1.13","116","00:10:18","150","172","2.1","156","162","9:09","7:47","104","85","1.13","0.0","1,596","No","00:04:35.7","2","00:10:16","00:10:18","7,533","7,559"
Carrera,2023-12-12 15:14:33,false,"Miguel Hidalgo Carrera","0.97","92","00:06:50.8","178","190","2.2","166","179","7:06","6:04","--","--","1.36","0.0","1,138","No","00:01:18.2","5","00:06:50.6","00:06:50.8","7,534","7,559"
Carrera,2023-12-12 15:02:11,false,"Miguel Hidalgo Carrera","0.97","94","00:07:02.6","180","187","2.2","165","187","7:16","5:59","--","--","1.34","0.0","1,158","No","00:01:19.0","5","00:06:56.8","00:07:02.6","7,534","7,559"
Carrera,2023-12-12 14:51:41,false,"Miguel Hidalgo Carrera","0.98","91","00:06:36.4","180","193","2.3","168","187","6:45","6:13","10","--","1.42","0.0","1,102","No","00:01:17.3","5","00:06:35.4","00:06:36.4","7,533","7,559"
Carrera,2023-12-12 14:39:26,false,"Miguel Hidalgo Carrera","0.77","71","00:05:22.7","179","191","2.1","166","178","7:00","6:27","--","--","1.39","0.0","890","No","00:01:17.0","4","00:05:18","00:05:22.7","7,534","7,559"
Carrera,2023-12-12 14:29:48,false,"Miguel Hidalgo Carrera","0.76","71","00:05:20.6","178","190","2.1","166","178","7:02","6:09","2","--","1.38","0.0","894","No","00:01:16.8","4","00:05:19.9","00:05:20.6","7,534","7,559"
Carrera,2023-12-12 14:21:16,false,"Miguel Hidalgo Carrera","0.77","69","00:05:09.6","172","188","2.1","166","187","6:44","6:08","--","--","1.45","0.0","848","No","00:01:10.7","4","00:05:05.7","00:05:09.6","7,533","7,559"
Carrera,2023-12-12 13:56:52,false,"Miguel Hidalgo Carrera","2.00","209","00:19:33","152","165","2.3","157","168","9:46","7:17","73","74","1.05","0.0","3,080","No","00:01:15.1","4","00:19:04","00:19:33","7,533","7,559"
Carrera,2023-12-11 09:06:15,false,"Álvaro Obregón Carrera","0.99","97","00:07:01.8","163","176","2.4","166","179","7:05","6:21","5","16","1.37","0.0","1,160","No","00:01:42.4","4","00:06:57.1","00:07:01.8","8,419","8,444"
Carrera,2023-12-11 08:54:53,false,"Álvaro Obregón Carrera","0.99","97","00:07:22.8","171","184","2.3","163","173","7:28","6:25","5","22","1.32","0.0","1,214","No","00:01:44.2","4","00:07:21.5","00:07:22.8","8,419","8,444"
Carrera,2023-12-11 08:44:21,false,"Álvaro Obregón Carrera","1.00","93","00:07:13.8","155","166","2.2","166","199","7:15","6:20","10","20","1.34","0.0","1,190","No","00:01:43.3","4","00:07:12.7","00:07:13.8","8,419","8,445"
Carrera,2023-12-11 08:32:52,false,"Álvaro Obregón Carrera","0.75","70","00:05:10.8","176","187","2.1","164","181","6:54","6:06","--","15","1.42","0.0","856","No","00:01:40.2","3","00:05:06.6","00:05:10.8","8,419","8,445"
Carrera,2023-12-11 08:24:41,false,"Álvaro Obregón Carrera","0.76","69","00:05:10.5","167","186","2.1","164","180","6:49","6:04","1","17","1.44","0.0","846","No","00:01:37.7","3","00:05:08.2","00:05:10.5","8,419","8,444"
Carrera,2023-12-11 08:12:08,false,"Álvaro Obregón Carrera","0.76","67","00:05:01.7","167","182","2.1","164","187","6:36","5:54","17","40","1.48","0.0","824","No","00:01:32.9","3","00:05:00.8","00:05:01.7","8,419","8,444"
Carrera,2023-12-11 07:44:38,false,"Álvaro Obregón Carrera","2.32","232","00:20:11","159","172","2.8","159","170","8:43","7:28","4","--","1.16","0.0","3,210","No","00:04:03.5","4","00:20:11","00:20:11","8,419","8,462"
Carrera,2023-12-09 18:11:14,false,"Miguel Hidalgo Carrera","0.96","94","00:06:55.1","181","197","2.4","164","172","7:11","6:44","28","15","1.36","0.0","1,128","No","00:01:19.4","5","00:06:53.6","00:06:55.1","7,533","7,559"
Carrera,2023-12-09 17:58:17,false,"Miguel Hidalgo Carrera","0.76","74","00:05:25.4","190","199","2.2","165","180","7:11","6:15","--","--","1.36","0.0","890","No","00:01:15.3","4","00:05:20.7","00:05:25.4","7,533","7,559"
Carrera,2023-12-09 17:49:25,false,"Miguel Hidalgo Carrera","0.76","73","00:05:16.1","191","200","2.2","165","179","6:55","6:10","15","--","1.41","0.0","866","No","00:01:12.8","4","00:05:11.5","00:05:16.1","7,534","7,559"
Carrera,2023-12-09 17:41:33,false,"Miguel Hidalgo Carrera","0.76","69","00:05:00.0","181","199","2.3","163","179","6:34","6:03","--","--","1.50","0.0","816","No","00:01:10.3","4","00:04:55.9","00:05:06.4","7,533","7,559"
Entrenamiento en cinta,2023-12-09 17:13:08,false,"Entrenamiento en cinta","2.98","261","00:21:29","170","190","3.2","151","180","7:12","7:49","--","--","1.17","0.0","3,236","No","00:04:21.0","3","00:20:22","00:21:29","--","--"
Carrera,2023-12-08 16:59:40,false,"Miguel Hidalgo Carrera","0.96","92","00:06:52.8","185","199","2.5","165","187","7:10","5:56","--","--","1.36","0.0","1,130","No","00:01:17.1","5","00:06:47.8","00:06:52.8","7,533","7,559"
Carrera,2023-12-08 16:46:33,false,"Miguel Hidalgo Carrera","0.96","93","00:07:09.0","182","192","2.4","162","176","7:26","6:28","7","--","1.32","0.0","1,170","No","00:01:18.3","5","00:07:04.9","00:07:09.0","7,533","7,559"
Carrera,2023-12-08 16:33:08,false,"Miguel Hidalgo Carrera","0.97","84","00:07:02.1","176","195","2.1","163","176","7:16","6:22","10","15","1.36","0.0","1,146","No","00:01:19.8","5","00:06:56.3","00:07:02.1","7,533","7,559"
Carrera,2023-12-08 16:21:37,false,"Miguel Hidalgo Carrera","0.78","73","00:05:28.6","185","197","2.2","163","187","7:02","5:56","--","--","1.40","0.0","894","No","00:01:17.0","4","00:05:23.5","00:05:28.6","7,533","7,559"
Carrera,2023-12-08 16:13:23,false,"Miguel Hidalgo Carrera","0.77","72","00:05:22.3","183","196","2.2","164","187","7:00","5:58","--","--","1.40","0.0","870","No","00:01:14.6","4","00:05:17","00:05:22.3","7,534","7,559"
Carrera,2023-12-08 16:05:07,false,"Miguel Hidalgo Carrera","0.77","66","00:05:01.2","167","195","2.2","164","195","6:31","5:46","--","--","1.51","0.0","820","No","00:01:10.3","4","00:04:54.9","00:05:01.2","7,534","7,559"
Carrera,2023-12-08 15:40:20,false,"Miguel Hidalgo Carrera","2.22","229","00:19:59","157","174","2.9","156","168","9:00","7:53","--","--","1.14","0.0","3,134","No","00:03:08.2","4","00:19:58","00:19:59","7,533","7,559"
Carrera,2023-12-07 18:20:45,false,"Miguel Hidalgo Carrera","0.99","93","00:06:44.2","175","193","2.7","165","179","6:50","5:55","--","--","1.43","0.0","1,102","No","00:01:16.3","5","00:06:39.3","00:06:44.2","7,533","7,559"
Carrera,2023-12-07 18:09:05,false,"Miguel Hidalgo Carrera","0.98","94","00:07:03.2","184","195","2.5","164","191","7:11","5:06","--","--","1.37","0.0","1,158","No","00:01:13.7","4","00:06:58.5","00:07:03.2","7,533","7,559"
Carrera,2023-12-07 17:57:46,false,"Miguel Hidalgo Carrera","0.98","92","00:06:38.1","174","197","2.6","166","198","6:47","4:42","36","40","1.43","0.0","1,106","No","00:01:09.6","5","00:06:33.4","00:06:38.1","7,534","7,559"
Carrera,2023-12-07 17:39:26,false,"Miguel Hidalgo Carrera","0.78","73","00:05:29.1","186","196","2.3","165","180","7:03","6:00","6","--","1.38","0.0","912","No","00:01:14.6","4","00:05:23.5","00:05:29.1","7,533","7,559"
Carrera,2023-12-07 17:30:05,false,"Miguel Hidalgo Carrera","0.78","70","00:05:13.1","189","199","2.3","167","192","6:42","5:06","--","--","1.44","0.0","864","No","00:01:10.1","4","00:05:07.5","00:05:13.1","7,533","7,559"
Carrera,2023-12-07 17:21:24,false,"Miguel Hidalgo Carrera","0.78","66","00:04:49.0","176","199","2.5","168","196","6:12","4:53","--","--","1.54","0.0","822","No","00:01:05.7","4","00:04:48.0","00:04:49.0","7,534","7,559"
Carrera,2023-12-07 16:55:16,false,"Miguel Hidalgo Carrera","2.52","246","00:19:54","173","192","3.5","157","168","7:55","6:58","35","40","1.30","0.0","3,146","No","00:00:14.8","5","00:19:33","00:19:54","7,533","7,559"
Carrera,2023-12-04 21:42:49,false,"Carrera","0.39","33","00:02:47.3","172","188","1.8","156","174","7:12","5:37","--","--","1.43","0.0","456","No","00:02:47.3","1","00:02:46","00:03:28.4","--","--"
Carrera,2023-12-04 21:22:25,false,"Carrera","1.83","162","00:13:24","175","193","3.2","160","175","7:18","5:22","--","--","1.38","0.0","2,172","No","00:04:26.6","3","00:13:17","00:18:36","--","--"
Carrera,2023-12-01 16:42:16,false,"Álvaro Obregón Carrera","0.75","55","00:04:17.8","167","194","2.3","173","209","5:46","4:26","--","13","1.61","0.0","742","No","00:01:10.3","3","00:04:15.5","00:04:17.8","8,419","8,443"
Carrera,2023-11-29 16:26:56,false,"Álvaro Obregón Carrera","0.63","38","00:03:32.8","140","158","1.9","173","202","5:39","4:52","--","--","1.65","0.0","598","No","00:00:01.3","2","00:03:31.3","00:03:32.8","8,419","8,443"
Carrera,2023-11-27 16:22:45,false,"Álvaro Obregón Carrera","1.25","117","00:08:51.4","181","194","2.8","165","187","7:05","5:30","31","43","1.38","0.0","1,458","No","00:01:24.5","5","00:08:46.4","00:08:51.4","8,419","8,443"
Carrera,2023-11-27 15:58:00,false,"Álvaro Obregón Carrera","0.75","54","00:04:22.2","151","193","2.1","171","195","5:51","4:50","--","16","1.61","0.0","750","No","00:01:16.8","3","00:04:16.4","00:04:22.2","8,419","8,443"
Carrera,2023-11-26 11:04:52,false,"Cuauhtémoc Carrera","7.30","668","00:54:40","178","197","5.0","162","181","7:29","6:28","378","352","1.33","0.0","8,968","No","00:03:20.3","12","00:53:52","01:12:17","7,303","7,434"
Carrera,2023-11-24 16:41:46,false,"Álvaro Obregón Carrera","1.27","122","00:09:39.9","182","190","2.7","164","175","7:37","5:59","17","32","1.29","0.0","1,578","No","00:01:46.0","5","00:09:39.1","00:09:57.2","8,419","8,444"
Carrera,2023-11-24 16:17:58,false,"Álvaro Obregón Carrera","1.25","108","00:08:22.7","186","198","2.9","167","191","6:41","5:18","--","13","1.44","0.0","1,412","No","00:00:02.5","3","00:08:21.5","00:08:22.7","8,419","8,442"
Carrera,2023-11-24 15:55:00,false,"Carrera","1.30","108","00:08:23.1","187","197","2.8","169","199","6:28","4:32","--","--","1.47","0.0","1,396","No","00:01:24.7","5","00:08:21.2","00:08:23.1","--","--"
Carrera,2023-11-17 16:20:25,false,"Carrera","0.50","40","00:03:05.9","186","194","2.2","174","195","6:10","5:18","--","--","1.50","0.0","540","No","00:03:05.9","1","00:03:05.9","00:03:05.9","--","--"
Carrera,2023-11-17 16:08:40,false,"Carrera","0.51","31","00:02:46.9","158","168","1.1","183","205","5:27","4:26","--","--","1.61","0.0","506","No","00:02:46.9","1","00:02:46.9","00:02:46.9","--","--"
Carrera,2023-11-13 16:58:50,false,"Carrera","0.57","33","00:03:34.3","144","178","1.6","165","193","6:13","4:20","--","--","1.56","0.0","616","No","00:03:34.3","1","00:03:25","00:03:34.3","--","--"
Carrera,2023-11-12 07:02:05,false,"Miguel Hidalgo Carrera","2.97","322","00:28:55","163","191","3.4","165","199","9:44","5:48","47","82","1.00","0.0","4,818","No","00:03:46.4","5","00:28:52","00:28:55","7,331","7,398"
Carrera,2023-11-10 15:46:32,false,"Álvaro Obregón Carrera","2.70","268","00:29:30","136","179","2.7","157","174","10:56","5:59","32","32","0.94","0.0","4,622","No","00:01:29.3","5","00:29:29","00:29:30","8,419","8,445"
Carrera,2023-11-08 15:41:23,false,"Álvaro Obregón Carrera","3.16","299","00:24:05","178","200","4.0","160","180","7:37","5:34","27","36","1.32","0.0","3,888","No","00:00:19.9","6","00:23:53","00:28:03","8,419","8,444"
Carrera,2023-11-04 11:39:34,false,"Miguel Hidalgo Carrera","1.87","177","00:13:22","194","203","3.5","165","209","7:09","4:27","6","21","1.36","0.0","2,194","No","00:00:00.7","4","00:13:18","00:13:22","7,478","7,495"
Carrera,2023-11-02 14:23:02,false,"Álvaro Obregón Carrera","3.48","373","00:31:37","174","196","3.8","156","168","9:06","6:02","59","73","1.13","0.0","4,920","No","00:03:05.7","6","00:31:36","00:31:37","8,419","8,444"
Carrera,2023-10-31 11:46:30,false,"Álvaro Obregón Carrera","3.29","338","00:26:41","185","197","4.0","159","172","8:07","6:08","26","42","1.25","0.0","4,244","No","00:01:24.5","6","00:26:34","00:26:41","8,419","8,444"
Carrera,2023-10-30 17:11:55,false,"Álvaro Obregón Carrera","0.75","60","00:04:33.9","186","202","2.4","169","197","6:07","5:09","2","14","1.55","0.0","772","No","00:00:44.7","2","00:04:29","00:04:33.9","8,419","8,445"
Carrera,2023-10-28 10:20:16,false,"Cuauhtémoc Carrera","3.67","356","00:27:04","186","205","4.6","160","187","7:23","5:49","45","28","1.36","0.0","4,356","No","00:04:08.2","6","00:26:41","00:30:45","7,306","7,353"
Carrera,2023-10-15 07:10:45,false,"Cuauhtémoc Carrera","3.22","302","00:22:13","192","206","4.3","165","209","6:54","4:47","15","115","1.42","0.0","3,668","No","00:00:32.7","6","00:22:12","00:22:13","7,345","7,466"
Carrera,2023-10-13 15:55:37,false,"Álvaro Obregón Carrera","1.59","154","00:12:01","184","197","3.1","162","179","7:33","6:03","2","--","1.31","0.0","1,954","No","00:02:33.6","3","00:11:59","00:12:01","8,417","8,443"
Carrera,2023-10-09 12:38:31,false,"Álvaro Obregón Carrera","0.95","85","00:06:18.5","187","199","2.7","165","187","6:38","5:30","--","--","1.47","0.0","1,048","No","00:01:39.4","3","00:06:13.4","00:06:18.5","8,419","8,444"
Carrera,2023-10-09 12:25:55,false,"Carrera","0.98","76","00:05:52.2","184","201","2.5","169","195","6:00","5:06","--","--","1.59","0.0","984","No","00:01:35.1","3","00:05:50","00:05:52.2","--","--"
Carrera,2023-10-03 13:22:47,false,"Álvaro Obregón Carrera","3.25","319","00:25:55","174","200","3.8","158","197","7:59","4:30","8","19","1.27","0.0","4,084","No","00:00:02.1","8","00:25:54","00:25:55","8,419","8,444"
Carrera,2023-10-01 12:25:38,false,"Cuauhtémoc Carrera","3.73","337","00:26:21","184","200","4.4","160","187","7:04","5:18","65","56","1.43","0.0","4,304","No","00:00:01.4","7","00:25:48","00:31:32","7,317","7,352"
Carrera,2023-09-29 16:14:41,false,"Álvaro Obregón Carrera","0.75","66","00:04:58.2","190","204","2.6","168","199","6:39","5:00","--","14","1.44","0.0","830","No","00:00:46.2","2","00:04:53","00:04:58.2","8,419","8,443"
Carrera,2023-09-29 16:02:56,false,"Álvaro Obregón Carrera","0.76","68","00:05:01.9","192","202","2.4","167","195","6:36","4:56","14","16","1.45","0.0","834","No","00:00:09.5","3","00:04:55","00:05:01.9","8,419","8,444"
Carrera,2023-09-29 15:53:01,false,"Álvaro Obregón Carrera","0.76","49","00:04:27.9","143","162","2.1","169","190","5:54","5:04","26","27","1.61","0.0","764","No","00:00:44.2","2","00:04:23.2","00:04:27.9","8,419","8,444"
Carrera,2023-09-28 13:44:30,false,"Álvaro Obregón Carrera","1.74","185","00:14:14","186","198","3.3","162","170","8:09","6:13","74","67","1.22","0.0","2,280","No","00:00:48.4","8","00:14:12","00:14:14","8,419","8,490"
Carrera,2023-09-12 15:11:33,false,"Álvaro Obregón Carrera","1.61","148","00:11:15","186","198","3.1","165","193","7:00","5:16","11","18","1.39","0.0","1,852","No","00:01:40.4","6","00:11:14","00:11:15","8,419","8,444"
Carrera,2023-09-05 13:49:34,false,"Álvaro Obregón Carrera","3.15","289","00:22:29","184","199","3.8","164","193","7:08","4:52","--","--","1.37","0.0","3,674","No","00:01:32.2","12","00:22:23","00:22:29","8,419","8,444"
Carrera,2023-09-04 17:14:20,false,"Álvaro Obregón Carrera","0.74","58","00:04:26.9","175","184","2.3","169","194","6:01","5:00","10","25","1.58","0.0","752","No","00:00:39.9","2","00:04:22","00:04:26.9","8,419","8,442"
Carrera,2023-09-04 16:37:16,false,"Álvaro Obregón Carrera","0.76","61","00:04:36.2","191","199","2.2","174","199","6:02","4:56","14","15","1.54","0.0","796","No","00:01:35.4","2","00:04:31.4","00:04:36.2","8,419","8,443"
Carrera,2023-09-04 16:24:41,false,"Álvaro Obregón Carrera","0.76","70","00:05:26.2","186","192","2.4","164","193","7:11","4:52","--","15","1.37","0.0","904","No","00:01:02.3","2","00:05:21","00:05:26.2","8,419","8,444"
Carrera,2023-09-03 11:37:39,false,"Cuauhtémoc Carrera","3.13","293","00:22:54","185","197","4.0","161","187","7:19","5:49","173","164","1.37","0.0","3,708","No","00:00:08.9","6","00:22:50","00:27:43","7,304","7,378"
Carrera,2023-08-31 15:31:39,false,"Álvaro Obregón Carrera","0.64","49","00:03:53.1","175","192","2.1","174","193","6:05","5:11","--","--","1.52","0.0","676","No","00:00:05.4","2","00:03:48","00:03:53.1","8,419","8,444"
Carrera,2023-08-31 15:04:38,false,"Álvaro Obregón Carrera","1.26","106","00:08:06.1","190","203","3.0","172","194","6:24","5:14","--","13","1.46","0.0","1,380","No","00:01:28.0","5","00:07:48.9","00:08:06.1","8,419","8,443"
Carrera,2023-08-31 14:52:14,false,"Álvaro Obregón Carrera","0.63","35","00:03:24.6","151","170","2.0","180","206","5:23","4:29","--","--","1.66","0.0","602","No","00:00:04.7","2","00:03:20","00:03:24.6","8,419","8,444"
Carrera,2023-08-29 14:58:29,false,"Álvaro Obregón Carrera","3.29","340","00:26:54","185","195","4.0","163","179","8:10","5:53","38","50","1.21","0.0","4,358","No","00:01:40.3","13","00:26:50","00:28:02","8,419","8,445"
Carrera,2023-08-21 16:52:04,false,"Carrera","1.94","169","00:13:08","188","204","3.3","165","182","6:46","3:26","--","--","1.44","0.0","2,172","No","00:00:24.8","4","00:13:06","00:13:08","--","--"
Carrera,2023-08-17 15:35:04,false,"Álvaro Obregón Carrera","0.62","50","00:03:47.4","185","196","2.2","169","191","6:04","5:06","1","--","1.56","0.0","652","No","00:03:47.4","1","00:03:44","00:03:47.4","8,419","8,444"
Carrera,2023-08-17 15:03:26,false,"Carrera","0.59","33","00:03:27.8","146","161","1.7","174","193","5:52","4:13","--","--","1.58","0.0","602","No","00:03:27.8","1","00:03:27","00:03:27.8","--","--"
Carrera,2023-08-13 13:23:27,false,"Cuauhtémoc Carrera","4.25","441","00:37:15","179","191","4.3","160","173","8:46","6:02","199","180","1.15","0.0","6,038","No","00:04:44.7","7","00:36:34","00:44:02","7,333","7,422"
Carrera,2023-08-10 14:47:19,false,"Álvaro Obregón Carrera","1.96","201","00:15:46","191","199","3.4","159","168","8:02","6:03","40","53","1.26","0.0","2,502","No","00:00:42.3","4","00:15:44","00:15:46","8,419","8,444"
Carrera,2023-08-07 09:22:37,false,"Álvaro Obregón Carrera","0.19","10","00:00:51.0","180","202","1.3","171","218","4:33","3:30","--","--","2.07","0.0","154","No","00:00:51.0","1","00:00:46","00:00:51.0","8,419","8,442"
Carrera,2023-08-07 08:57:15,false,"Álvaro Obregón Carrera","0.63","48","00:03:34.9","187","203","2.3","173","207","5:42","4:33","14","19","1.63","0.0","616","No","00:00:01.7","2","00:03:33.7","00:03:34.9","8,419","8,446"
Carrera,2023-08-04 11:49:21,false,"Carrera","2.54","268","00:20:27","188","212","4.2","157","170","8:03","5:47","--","--","1.28","0.0","3,204","No","00:00:20.6","5","00:20:25","00:20:27","--","--"
Carrera,2023-07-08 16:38:45,false,"Miguel Hidalgo Carrera","1.93","191","00:14:31","190","203","3.6","157","180","7:32","5:03","4","--","1.36","0.0","2,304","No","00:00:19.8","4","00:14:31","00:14:31","7,533","7,559"
Carrera,2023-06-30 15:30:19,false,"Miguel Hidalgo Carrera","0.16","11","00:00:55.2","178","200","1.3","196","209","5:55","4:09","6","--","1.39","0.0","168","No","00:00:55.2","1","00:00:54","00:00:55.2","7,538","7,559"
Carrera,2023-06-30 15:25:52,false,"Carrera","0.17","13","00:01:05.4","179","195","0.8","162","187","6:19","5:07","--","--","1.58","0.0","172","No","00:01:05.4","1","00:01:05","00:01:05.4","--","--"
Carrera,2023-06-28 17:25:12,false,"Miguel Hidalgo Carrera","3.11","348","00:34:21","163","180","3.3","164","173","11:02","9:08","283","261","0.89","0.0","5,628","No","00:00:03.5","6","00:34:20","00:34:21","7,533","7,568"
Carrera,2023-06-28 17:10:11,false,"Miguel Hidalgo Carrera","0.95","99","00:09:28.7","152","176","2.4","153","160","9:56","8:30","38","30","1.05","0.0","1,456","No","00:03:01.5","2","00:09:27","00:09:32.2","7,533","7,558"
Carrera,2023-06-23 12:15:06,false,"Carrera","2.30","216","00:17:03","186","208","3.8","157","166","7:25","5:43","--","--","1.38","0.0","2,676","No","00:00:01.1","5","00:17:02","00:17:03","--","--"
Carrera,2023-06-12 16:58:04,false,"Carrera","1.85","169","00:13:34","185","201","3.3","157","176","7:21","4:25","--","--","1.40","0.0","2,146","No","00:04:18.6","3","00:13:29","00:13:34","--","--"
Carrera,2023-06-07 16:53:14,false,"Carrera","1.85","173","00:13:18","191","201","3.4","158","177","7:10","4:28","--","--","1.42","0.0","2,108","No","00:04:17.5","3","00:13:16","00:13:18","--","--"
Carrera,2023-06-05 17:13:29,false,"Álvaro Obregón Carrera","0.50","44","00:03:32.3","183","192","2.0","162","179","7:01","6:36","--","14","1.42","0.0","570","No","00:03:32.3","1","00:03:32.3","00:03:32.3","8,419","8,443"
Carrera,2023-06-05 16:58:37,false,"Álvaro Obregón Carrera","0.50","35","00:02:51.3","179","197","2.0","169","187","5:42","5:19","--","14","1.67","0.0","488","No","00:02:51.3","1","00:02:51","00:02:51.3","8,419","8,444"
Carrera,2023-06-05 16:54:34,false,"Carrera","0.11","3","00:00:35.9","105","124","0.2","166","199","5:13","2:53","--","--","1.86","0.0","94","No","00:00:35.9","1","00:00:35","00:00:35.9","--","--"
Carrera,2023-06-02 16:47:28,false,"Álvaro Obregón Carrera","1.89","187","00:13:07","194","206","3.6","160","174","6:56","5:35","13","15","1.45","0.0","2,110","No","00:00:08.2","4","00:13:05","00:13:07","8,419","8,443"
Carrera,2023-05-31 17:24:12,false,"Álvaro Obregón Carrera","0.64","51","00:03:47.0","186","202","2.3","165","187","5:56","5:15","--","--","1.64","0.0","626","No","00:00:03.9","2","00:03:46.9","00:03:47.0","8,419","8,444"
Carrera,2023-05-31 17:09:55,false,"Álvaro Obregón Carrera","0.64","59","00:04:34.0","178","198","2.1","158","181","7:08","5:08","--","--","1.43","0.0","728","No","00:00:04.6","2","00:04:28","00:04:34.0","8,419","8,444"
Carrera,2023-05-31 16:58:29,false,"Álvaro Obregón Carrera","0.64","50","00:03:44.3","182","198","2.2","163","173","5:52","5:28","--","--","1.68","0.0","608","No","00:00:04.9","2","00:03:40","00:03:44.3","8,419","8,444"
Carrera,2023-05-26 17:15:08,false,"Álvaro Obregón Carrera","0.64","50","00:03:43.9","186","199","2.3","168","189","5:52","4:36","--","--","1.63","0.0","632","No","00:00:03.2","2","00:03:39.2","00:03:43.9","8,419","8,443"
Carrera,2023-05-26 17:00:01,false,"Álvaro Obregón Carrera","0.63","52","00:03:55.5","183","201","2.1","161","181","6:12","5:18","--","--","1.61","0.0","636","No","00:00:03.5","2","00:03:55.0","00:03:55.5","8,419","8,443"
Carrera,2023-05-26 16:47:54,false,"Álvaro Obregón Carrera","0.64","54","00:03:55.3","191","201","2.3","165","181","6:09","5:32","--","--","1.59","0.0","642","No","00:00:04.3","2","00:03:54.9","00:03:55.3","8,419","8,442"
Carrera,2023-05-24 17:05:37,false,"Álvaro Obregón Carrera","0.51","43","00:03:14.5","183","196","2.1","158","175","6:20","5:44","--","14","1.60","0.0","526","No","00:03:14.5","1","00:03:10","00:03:14.5","8,419","8,443"
Carrera,2023-05-24 16:56:01,false,"Álvaro Obregón Carrera","0.50","40","00:03:09.1","179","197","2.0","158","173","6:21","5:29","--","16","1.60","0.0","514","No","00:03:09.1","1","00:03:03","00:03:09.1","8,419","8,442"
